"code","title","credential","earnings.4_yr.pell_median_earnings","earnings.4_yr.nonpell_median_earnings","earnings.4_yr.overall_median_earnings","earnings.4_yr.working_not_enrolled","earnings.5_yr","school.name","id"
"5004","Design and Applied Arts.",3,,,,,,"Design Institute of San Diego",113582
"2401","Liberal Arts and Sciences, General Studies and Humanities.",3,,,,,,"DHARMA REALM BUDDHIST UNIVERSITY",113616
"0999","Communication, Journalism, and Related Programs, Other.",3,,, 58005,,,"Dominican University of California",113698
"1102","Computer Programming.",3,,,,,,"Dominican University of California",113698
"1301","Education, General.",3,,,,,,"Dominican University of California",113698
"2301","English Language and Literature, General.",3,,,,,,"Dominican University of California",113698
"2313","Rhetoric and Composition/Writing Studies.",3,,,,,,"Dominican University of California",113698
"2401","Liberal Arts and Sciences, General Studies and Humanities.",3,,, 65780,,,"Dominican University of California",113698
"2601","Biology, General.",3,,, 75913,,    16,"Dominican University of California",113698
"2602","Biochemistry, Biophysics and Molecular Biology.",3,,,,,,"Dominican University of California",113698
"2613","Ecology, Evolution, Systematics, and Population Biology.",3,,,,,,"Dominican University of California",113698
"3000","Multi-/Interdisciplinary Studies, General.",3,,,,,,"Dominican University of California",113698
"3020","International/Globalization Studies.",3,,,,,,"Dominican University of California",113698
"4005","Chemistry.",3,,,,,,"Dominican University of California",113698
"4201","Psychology, General.",3,,, 61339,,,"Dominican University of California",113698
"4510","Political Science and Government.",3,,,,,,"Dominican University of California",113698
"4599","Social Sciences, Other.",3,,,,,,"Dominican University of California",113698
"5001","Visual and Performing Arts, General.",3,,,,,,"Dominican University of California",113698
"5003","Dance.",3,,,,,,"Dominican University of California",113698
"5004","Design and Applied Arts.",3,,,,,,"Dominican University of California",113698
"5007","Fine and Studio Arts.",3,,,,,,"Dominican University of California",113698
"5009","Music.",3,,,,,,"Dominican University of California",113698
"5100","Health Services/Allied Health/Health Sciences, General.",3,,, 82911,,    20,"Dominican University of California",113698
"5122","Public Health.",3,,,,,,"Dominican University of California",113698
"5138","Registered Nursing, Nursing Administration, Nursing Research and Clinical Nursing.",3,130002,142079,149622,    41,    61,"Dominican University of California",113698
"5202","Business Administration, Management and Operations.",3,, 87433, 88913,,    24,"Dominican University of California",113698
"5401","History.",3,,,,,,"Dominican University of California",113698
"1909","Apparel and Textiles.",3,,, 67118,,,"FIDM-Fashion Institute of Design & Merchandising",114354
"5004","Design and Applied Arts.",3,,, 53575,,,"FIDM-Fashion Institute of Design & Merchandising",114354
"5005","Drama/Theatre Arts and Stagecraft.",3,,,,,,"FIDM-Fashion Institute of Design & Merchandising",114354
"5006","Film/Video and Photographic Arts.",3,,,,,,"FIDM-Fashion Institute of Design & Merchandising",114354
"5214","Marketing.",3,,,,,,"FIDM-Fashion Institute of Design & Merchandising",114354
"5299","Business, Management, Marketing, and Related Support Services, Other.",3, 49968, 51251, 64446,   172,   251,"FIDM-Fashion Institute of Design & Merchandising",114354
"0103","Agricultural Production Operations.",3,,,,,,"Feather River Community College District",114433
"5106","Dental Support Services and Allied Professions.",3,,, 82028,,,"Foothill College",114716
"0301","Natural Resources Conservation and Research.",3,,,,,,"Fresno Pacific University",114813
"0502","Ethnic, Cultural Minority, Gender, and Group Studies.",3,,,,,,"Fresno Pacific University",114813
"0901","Communication and Media Studies.",3,,,,,,"Fresno Pacific University",114813
"1312","Teacher Education and Professional Development, Specific Levels and Methods.",3, 48219,, 60338,    84,    93,"Fresno Pacific University",114813
"1313","Teacher Education and Professional Development, Specific Subject Areas.",3,,, 61005,,,"Fresno Pacific University",114813
"1512","Computer Engineering Technologies/Technicians.",3,,, 88542,,,"Fresno Pacific University",114813
"1609","Romance Languages, Literatures, and Linguistics.",3,,,,,,"Fresno Pacific University",114813
"1907","Human Development, Family Studies, and Related Services.",3, 39019,, 51756,    70,    76,"Fresno Pacific University",114813
"2200","Non-Professional Legal Studies.",3,,,,,,"Fresno Pacific University",114813
"2301","English Language and Literature, General.",3,,,,,,"Fresno Pacific University",114813
"2401","Liberal Arts and Sciences, General Studies and Humanities.",3,,,,,,"Fresno Pacific University",114813
"2601","Biology, General.",3,,,,,,"Fresno Pacific University",114813
"2609","Physiology, Pathology and Related Sciences.",3,,,,,,"Fresno Pacific University",114813
"2613","Ecology, Evolution, Systematics, and Population Biology.",3,,,,,,"Fresno Pacific University",114813
"2699","Biological and Biomedical Sciences, Other.",3,,,,,,"Fresno Pacific University",114813
"2701","Mathematics.",3,,,,,,"Fresno Pacific University",114813
"2703","Applied Mathematics.",3,,,,,,"Fresno Pacific University",114813
"3099","Multi/Interdisciplinary Studies, Other.",3,,,,,,"Fresno Pacific University",114813
"3105","Sports, Kinesiology, and Physical Education/Fitness.",3,,, 51624,,,"Fresno Pacific University",114813
"3801","Philosophy.",3,,,,,,"Fresno Pacific University",114813
"3902","Bible/Biblical Studies.",3,,, 51475,,,"Fresno Pacific University",114813
"4005","Chemistry.",3,,,,,,"Fresno Pacific University",114813
"4201","Psychology, General.",3, 43263,, 52695,    20,    28,"Fresno Pacific University",114813
"4301","Criminal Justice and Corrections.",3,,,,,,"Fresno Pacific University",114813
"4304","Security Science and Technology.",3,,,,,,"Fresno Pacific University",114813
"4407","Social Work.",3,,, 61951,,,"Fresno Pacific University",114813
"4504","Criminology.",3,,,,,,"Fresno Pacific University",114813
"4509","International Relations and National Security Studies.",3,,,,,,"Fresno Pacific University",114813
"4510","Political Science and Government.",3,,,,,,"Fresno Pacific University",114813
"4511","Sociology.",3,,,,,,"Fresno Pacific University",114813
"5004","Design and Applied Arts.",3,,,,,,"Fresno Pacific University",114813
"5005","Drama/Theatre Arts and Stagecraft.",3,,,,,,"Fresno Pacific University",114813
"5007","Fine and Studio Arts.",3,,,,,,"Fresno Pacific University",114813
"5009","Music.",3,,,,,,"Fresno Pacific University",114813
"5107","Health and Medical Administrative Services.",3,,, 66778,,,"Fresno Pacific University",114813
"5109","Allied Health Diagnostic, Intervention, and Treatment Professions.",3,,,,,,"Fresno Pacific University",114813
"5111","Health/Medical Preparatory Programs.",3,,,,,,"Fresno Pacific University",114813
"5123","Rehabilitation and Therapeutic Professions.",3,,,,,,"Fresno Pacific University",114813
"5138","Registered Nursing, Nursing Administration, Nursing Research and Clinical Nursing.",3,,,112178,,,"Fresno Pacific University",114813
"5202","Business Administration, Management and Operations.",3, 59684,, 70983,    73,    90,"Fresno Pacific University",114813
"5203","Accounting and Related Services.",3,,,,,,"Fresno Pacific University",114813
"5210","Human Resources Management and Services.",3, 53311,, 74265,    72,    88,"Fresno Pacific University",114813
"5214","Marketing.",3,,,,,,"Fresno Pacific University",114813
"5401","History.",3,,,,,,"Fresno Pacific University",114813
"1513","Drafting/Design Engineering Technologies/Technicians.",3,,,,,,"Glendale Community College",115001
"5138","Registered Nursing, Nursing Administration, Nursing Research and Clinical Nursing.",3,,,,,,"Glendale Career College",115010
"1104","Information Science/Studies.",3,,,,,,"Golden Gate University",115083
"1199","Computer and Information Sciences and Support Services, Other.",3,,,,,,"Golden Gate University",115083
"2202","Legal Research and Advanced Professional Studies.",3,,,,,,"Golden Gate University",115083
"3071","Data Analytics.",3,,,,,,"Golden Gate University",115083
"4201","Psychology, General.",3,,,,,,"Golden Gate University",115083
"4228","Clinical, Counseling and Applied Psychology.",3,,,,,,"Golden Gate University",115083
"4404","Public Administration.",3,,,,,,"Golden Gate University",115083
"5202","Business Administration, Management and Operations.",3, 82352, 93158, 91369,    63,   107,"Golden Gate University",115083
"5203","Accounting and Related Services.",3,,,,,,"Golden Gate University",115083
"5208","Finance and Financial Management Services.",3,,,,,,"Golden Gate University",115083
"5210","Human Resources Management and Services.",3,,,,,,"Golden Gate University",115083
"5211","International Business.",3,,,,,,"Golden Gate University",115083
"5213","Management Sciences and Quantitative Methods.",3,,,,,,"Golden Gate University",115083
"5214","Marketing.",3,,,,,,"Golden Gate University",115083
"5221","Telecommunications Management.",3,,,,,,"Golden Gate University",115083
"0301","Natural Resources Conservation and Research.",3,,,,,,"Harvey Mudd College",115409
"0901","Communication and Media Studies.",3,,,,,,"Harvey Mudd College",115409
"1107","Computer Science.",3,,183759,198257,,    38,"Harvey Mudd College",115409
"1401","Engineering, General.",3,101250,107126,122845,    16,    39,"Harvey Mudd College",115409
"1601","Linguistic, Comparative, and Related Language Studies and Services.",3,,,,,,"Harvey Mudd College",115409
"1605","Germanic Languages, Literatures, and Linguistics.",3,,,,,,"Harvey Mudd College",115409
"1609","Romance Languages, Literatures, and Linguistics.",3,,,,,,"Harvey Mudd College",115409
"1612","Classics and Classical Languages, Literatures, and Linguistics.",3,,,,,,"Harvey Mudd College",115409
"2401","Liberal Arts and Sciences, General Studies and Humanities.",3,,,,,,"Harvey Mudd College",115409
"2601","Biology, General.",3,,,,,,"Harvey Mudd College",115409
"2602","Biochemistry, Biophysics and Molecular Biology.",3,,,,,,"Harvey Mudd College",115409
"2611","Biomathematics, Bioinformatics, and Computational Biology.",3,,,,,,"Harvey Mudd College",115409
"2701","Mathematics.",3,,,,,,"Harvey Mudd College",115409
"3008","Mathematics and Computer Science.",3,,,,,,"Harvey Mudd College",115409
"3015","Science, Technology and Society.",3,,,,,,"Harvey Mudd College",115409
"3099","Multi/Interdisciplinary Studies, Other.",3,,,,,,"Harvey Mudd College",115409
"3801","Philosophy.",3,,,,,,"Harvey Mudd College",115409
"3802","Religion/Religious Studies.",3,,,,,,"Harvey Mudd College",115409
"4005","Chemistry.",3,,,,,,"Harvey Mudd College",115409
"4006","Geological and Earth Sciences/Geosciences.",3,,,,,,"Harvey Mudd College",115409
"4008","Physics.",3,,,,,,"Harvey Mudd College",115409
"4405","Public Policy Analysis.",3,,,,,,"Harvey Mudd College",115409
"4506","Economics.",3,,,,,,"Harvey Mudd College",115409
"4510","Political Science and Government.",3,,,,,,"Harvey Mudd College",115409
"5003","Dance.",3,,,,,,"Harvey Mudd College",115409
"5007","Fine and Studio Arts.",3,,,,,,"Harvey Mudd College",115409
"5009","Music.",3,,,,,,"Harvey Mudd College",115409
"5203","Accounting and Related Services.",3,,,,,,"Harvey Mudd College",115409
"5401","History.",3,,,,,,"Harvey Mudd College",115409
"0111","Plant Sciences.",3,,,,,    17,"California State Polytechnic University-Humboldt",115755
"0301","Natural Resources Conservation and Research.",3, 36828,, 50915,    65,    80,"California State Polytechnic University-Humboldt",115755
"0302","Environmental/Natural Resources Management and Policy.",3, 37146,,,    34,    43,"California State Polytechnic University-Humboldt",115755
"0303","Fishing and Fisheries Sciences and Management.",3, 36152,, 50525,    16,    18,"California State Polytechnic University-Humboldt",115755
"0305","Forestry.",3, 51548,, 79849,    51,    55,"California State Polytechnic University-Humboldt",115755
"0306","Wildlife and Wildlands Science and Management.",3, 30596, 36048, 47003,    76,    89,"California State Polytechnic University-Humboldt",115755
"0502","Ethnic, Cultural Minority, Gender, and Group Studies.",3,,, 43064,,,"California State Polytechnic University-Humboldt",115755
"0901","Communication and Media Studies.",3,,,,,,"California State Polytechnic University-Humboldt",115755
"0904","Journalism.",3, 35621,, 39178,    31,    44,"California State Polytechnic University-Humboldt",115755
"1101","Computer and Information Sciences, General.",3,,,,,,"California State Polytechnic University-Humboldt",115755
"1107","Computer Science.",3,,, 74620,,,"California State Polytechnic University-Humboldt",115755
"1313","Teacher Education and Professional Development, Specific Subject Areas.",3,,,,,,"California State Polytechnic University-Humboldt",115755
"1414","Environmental/Environmental Health Engineering.",3, 71009,, 78225,    65,    78,"California State Polytechnic University-Humboldt",115755
"1605","Germanic Languages, Literatures, and Linguistics.",3,,,,,,"California State Polytechnic University-Humboldt",115755
"1609","Romance Languages, Literatures, and Linguistics.",3, 43379,,,    19,,"California State Polytechnic University-Humboldt",115755
"1907","Human Development, Family Studies, and Related Services.",3,,,,,,"California State Polytechnic University-Humboldt",115755
"2301","English Language and Literature, General.",3, 31186,, 43310,    39,    52,"California State Polytechnic University-Humboldt",115755
"2313","Rhetoric and Composition/Writing Studies.",3, 39779,, 41105,    36,    49,"California State Polytechnic University-Humboldt",115755
"2401","Liberal Arts and Sciences, General Studies and Humanities.",3, 34349, 34076, 42049,    98,   117,"California State Polytechnic University-Humboldt",115755
"2601","Biology, General.",3, 38459, 50778, 55707,    99,   113,"California State Polytechnic University-Humboldt",115755
"2603","Botany/Plant Biology.",3,,, 42743,,    23,"California State Polytechnic University-Humboldt",115755
"2607","Zoology/Animal Biology.",3, 24193,, 38495,    30,    36,"California State Polytechnic University-Humboldt",115755
"2701","Mathematics.",3,,,,,,"California State Polytechnic University-Humboldt",115755
"3020","International/Globalization Studies.",3,,,,,,"California State Polytechnic University-Humboldt",115755
"3099","Multi/Interdisciplinary Studies, Other.",3, 38980,, 49706,    36,    43,"California State Polytechnic University-Humboldt",115755
"3101","Parks, Recreation, and Leisure Studies.",3,,, 40566,,,"California State Polytechnic University-Humboldt",115755
"3105","Sports, Kinesiology, and Physical Education/Fitness.",3, 36907, 41389, 55222,    44,    67,"California State Polytechnic University-Humboldt",115755
"3801","Philosophy.",3,,,,,,"California State Polytechnic University-Humboldt",115755
"3802","Religion/Religious Studies.",3,,,,,,"California State Polytechnic University-Humboldt",115755
"4001","Physical Sciences, General.",3,,,,,,"California State Polytechnic University-Humboldt",115755
"4005","Chemistry.",3,,, 50579,,,"California State Polytechnic University-Humboldt",115755
"4006","Geological and Earth Sciences/Geosciences.",3,,, 53371,,    21,"California State Polytechnic University-Humboldt",115755
"4008","Physics.",3,,,,,,"California State Polytechnic University-Humboldt",115755
"4201","Psychology, General.",3, 37757, 37668, 45889,    99,   130,"California State Polytechnic University-Humboldt",115755
"4407","Social Work.",3, 46270,, 57953,    47,    63,"California State Polytechnic University-Humboldt",115755
"4501","Social Sciences, General.",3,,,,,,"California State Polytechnic University-Humboldt",115755
"4502","Anthropology.",3,,, 41464,,    38,"California State Polytechnic University-Humboldt",115755
"4504","Criminology.",3,,, 55174,,    32,"California State Polytechnic University-Humboldt",115755
"4506","Economics.",3,,, 61175,,    20,"California State Polytechnic University-Humboldt",115755
"4507","Geography and Cartography.",3,,,,,    25,"California State Polytechnic University-Humboldt",115755
"4510","Political Science and Government.",3,,, 41994,,    28,"California State Polytechnic University-Humboldt",115755
"4511","Sociology.",3, 38295,, 48143,    21,    28,"California State Polytechnic University-Humboldt",115755
"5005","Drama/Theatre Arts and Stagecraft.",3,,,,,,"California State Polytechnic University-Humboldt",115755
"5006","Film/Video and Photographic Arts.",3,,, 46245,,,"California State Polytechnic University-Humboldt",115755
"5007","Fine and Studio Arts.",3, 26705,, 34812,    49,    53,"California State Polytechnic University-Humboldt",115755
"5009","Music.",3, 22319,,,    18,,"California State Polytechnic University-Humboldt",115755
"5138","Registered Nursing, Nursing Administration, Nursing Research and Clinical Nursing.",3,,,,,,"California State Polytechnic University-Humboldt",115755
"5202","Business Administration, Management and Operations.",3, 49615, 54905, 60005,   101,   119,"California State Polytechnic University-Humboldt",115755
"5401","History.",3,,, 42119,,    25,"California State Polytechnic University-Humboldt",115755
"1312","Teacher Education and Professional Development, Specific Levels and Methods.",3, 34284,, 49080,    23,    21,"Humphreys University-Stockton and Modesto Campuses",115773
"2203","Legal Support Services.",3,,,,,,"Humphreys University-Stockton and Modesto Campuses",115773
"2299","Legal Professions and Studies, Other.",3,,,,,    22,"Humphreys University-Stockton and Modesto Campuses",115773
"2401","Liberal Arts and Sciences, General Studies and Humanities.",3,,, 49933,,,"Humphreys University-Stockton and Modesto Campuses",115773
"4301","Criminal Justice and Corrections.",3,,, 60478,,    22,"Humphreys University-Stockton and Modesto Campuses",115773
"4599","Social Sciences, Other.",3,,,,,,"Humphreys University-Stockton and Modesto Campuses",115773
"5202","Business Administration, Management and Operations.",3, 57791,, 54486,    18,,"Humphreys University-Stockton and Modesto Campuses",115773
"5203","Accounting and Related Services.",3,,,,,,"Humphreys University-Stockton and Modesto Campuses",115773
"5004","Design and Applied Arts.",3,,, 67473,,    21,"Interior Designers Institute",116226
"0901","Communication and Media Studies.",3,,,,,,"American Jewish University",116846
"1312","Teacher Education and Professional Development, Specific Levels and Methods.",3,,,,,,"American Jewish University",116846
"2401","Liberal Arts and Sciences, General Studies and Humanities.",3,,,,,,"American Jewish University",116846
"2699","Biological and Biomedical Sciences, Other.",3,,,,,,"American Jewish University",116846
"3802","Religion/Religious Studies.",3,,,,,,"American Jewish University",116846
"3904","Religious Education.",3,,,,,,"American Jewish University",116846
"4201","Psychology, General.",3,,,,,,"American Jewish University",116846
"4510","Political Science and Government.",3,,,,,,"American Jewish University",116846
"5201","Business/Commerce, General.",3,,,,,,"American Jewish University",116846
"5202","Business Administration, Management and Operations.",3,,,,,,"American Jewish University",116846
"0901","Communication and Media Studies.",3,,,,,,"Life Pacific University",117104
"3000","Multi-/Interdisciplinary Studies, General.",3,,,,,,"Life Pacific University",117104
"3017","Behavioral Sciences.",3,,, 47612,,,"Life Pacific University",117104
"3902","Bible/Biblical Studies.",3, 34089,, 46756,    34,    42,"Life Pacific University",117104
"3905","Religious Music and Worship.",3,,,,,,"Life Pacific University",117104
"3907","Pastoral Counseling and Specialized Ministries.",3, 36969,, 52477,    29,    45,"Life Pacific University",117104
"5202","Business Administration, Management and Operations.",3,,,,,,"Life Pacific University",117104
"0301","Natural Resources Conservation and Research.",3,,,,,,"University of La Verne",117140
"0501","Area Studies.",3,,,,,,"University of La Verne",117140
"0901","Communication and Media Studies.",3, 43237, 52025, 66891,    33,    54,"University of La Verne",117140
"0904","Journalism.",3,,,,,,"University of La Verne",117140
"0907","Radio, Television, and Digital Communication.",3,,, 55332,,    18,"University of La Verne",117140
"0909","Public Relations, Advertising, and Applied Communication.",3,,,,,,"University of La Verne",117140
"1101","Computer and Information Sciences, General.",3,,, 90694,,,"University of La Verne",117140
"1301","Education, General.",3,,,,,,"University of La Verne",117140
"1313","Teacher Education and Professional Development, Specific Subject Areas.",3, 32789,, 54898,    32,    59,"University of La Verne",117140
"1609","Romance Languages, Literatures, and Linguistics.",3,,,,,,"University of La Verne",117140
"1907","Human Development, Family Studies, and Related Services.",3, 44594,, 45712,    38,    40,"University of La Verne",117140
"2200","Non-Professional Legal Studies.",3, 60013,, 66373,    24,    27,"University of La Verne",117140
"2203","Legal Support Services.",3,,,,,,"University of La Verne",117140
"2301","English Language and Literature, General.",3,,,,,,"University of La Verne",117140
"2313","Rhetoric and Composition/Writing Studies.",3,,,,,,"University of La Verne",117140
"2401","Liberal Arts and Sciences, General Studies and Humanities.",3, 46683,, 58953,    45,    68,"University of La Verne",117140
"2601","Biology, General.",3, 76078,, 58897,    20,    32,"University of La Verne",117140
"2701","Mathematics.",3,,,,,,"University of La Verne",117140
"3000","Multi-/Interdisciplinary Studies, General.",3,,,,,,"University of La Verne",117140
"3017","Behavioral Sciences.",3,,,,,,"University of La Verne",117140
"3105","Sports, Kinesiology, and Physical Education/Fitness.",3,,,,,,"University of La Verne",117140
"3801","Philosophy.",3,,,,,,"University of La Verne",117140
"3802","Religion/Religious Studies.",3,,,,,,"University of La Verne",117140
"3899","Philosophy and Religious Studies, Other.",3,,,,,,"University of La Verne",117140
"4005","Chemistry.",3,,,,,,"University of La Verne",117140
"4008","Physics.",3,,,,,,"University of La Verne",117140
"4201","Psychology, General.",3, 45674, 51734, 56925,    83,   107,"University of La Verne",117140
"4404","Public Administration.",3,,,,,    21,"University of La Verne",117140
"4501","Social Sciences, General.",3,,,,,,"University of La Verne",117140
"4502","Anthropology.",3,,,,,,"University of La Verne",117140
"4504","Criminology.",3, 42966,, 47273,    41,    54,"University of La Verne",117140
"4506","Economics.",3,,,,,,"University of La Verne",117140
"4509","International Relations and National Security Studies.",3,,,,,,"University of La Verne",117140
"4510","Political Science and Government.",3,,, 63107,,    26,"University of La Verne",117140
"4511","Sociology.",3, 46057,, 61350,    22,    27,"University of La Verne",117140
"4599","Social Sciences, Other.",3,,,,,,"University of La Verne",117140
"5005","Drama/Theatre Arts and Stagecraft.",3,,,,,,"University of La Verne",117140
"5006","Film/Video and Photographic Arts.",3,,,,,,"University of La Verne",117140
"5007","Fine and Studio Arts.",3,,,,,,"University of La Verne",117140
"5009","Music.",3,,,,,,"University of La Verne",117140
"5107","Health and Medical Administrative Services.",3,,,,,,"University of La Verne",117140
"5109","Allied Health Diagnostic, Intervention, and Treatment Professions.",3,,,,,,"University of La Verne",117140
"5202","Business Administration, Management and Operations.",3, 62093, 82689, 76769,   280,   390,"University of La Verne",117140
"5203","Accounting and Related Services.",3, 78596,, 77520,    27,    34,"University of La Verne",117140
"5207","Entrepreneurial and Small Business Operations.",3,,,,,,"University of La Verne",117140
"5211","International Business.",3,,,,,,"University of La Verne",117140
"5401","History.",3,,,,,,"University of La Verne",117140
"1003","Graphic Communications.",3,,, 38850,,    19,"Laguna College of Art and Design",117168
"2313","Rhetoric and Composition/Writing Studies.",3,,,,,,"Laguna College of Art and Design",117168
"5004","Design and Applied Arts.",3,,, 68934,,    66,"Laguna College of Art and Design",117168
"5007","Fine and Studio Arts.",3,,, 27815,,,"Laguna College of Art and Design",117168
"3906","Theological and Ministerial Studies.",3,,,,,,"Latin American Bible Institute",117283
"4201","Psychology, General.",3,,,,,,"Latin American Bible Institute",117283
"5202","Business Administration, Management and Operations.",3,,,,,,"Latin American Bible Institute",117283
"5109","Allied Health Diagnostic, Intervention, and Treatment Professions.",3,,,,,    22,"Lincoln University",117557
"5202","Business Administration, Management and Operations.",3,,,,,,"Lincoln University",117557
"3902","Bible/Biblical Studies.",3,,,,,,"Southern California Seminary",117575
"0901","Communication and Media Studies.",3,,,,,,"La Sierra University",117627
"0907","Radio, Television, and Digital Communication.",3,,,,,,"La Sierra University",117627
"0909","Public Relations, Advertising, and Applied Communication.",3,,,,,,"La Sierra University",117627
"1101","Computer and Information Sciences, General.",3,,,,,,"La Sierra University",117627
"1107","Computer Science.",3,,,,,,"La Sierra University",117627
"1312","Teacher Education and Professional Development, Specific Levels and Methods.",3,,,,,,"La Sierra University",117627
"1609","Romance Languages, Literatures, and Linguistics.",3,,,,,,"La Sierra University",117627
"2301","English Language and Literature, General.",3,,,,,,"La Sierra University",117627
"2313","Rhetoric and Composition/Writing Studies.",3,,,,,,"La Sierra University",117627
"2399","English Language and Literature/Letters, Other.",3,,,,,,"La Sierra University",117627
"2401","Liberal Arts and Sciences, General Studies and Humanities.",3,,, 51085,,,"La Sierra University",117627
"2601","Biology, General.",3,,,,,    24,"La Sierra University",117627
"2602","Biochemistry, Biophysics and Molecular Biology.",3,,,,,,"La Sierra University",117627
"2611","Biomathematics, Bioinformatics, and Computational Biology.",3,,,,,,"La Sierra University",117627
"2615","Neurobiology and Neurosciences.",3,,,,,,"La Sierra University",117627
"2701","Mathematics.",3,,,,,,"La Sierra University",117627
"3020","International/Globalization Studies.",3,,,,,,"La Sierra University",117627
"3022","Classical and Ancient Studies.",3,,,,,,"La Sierra University",117627
"3105","Sports, Kinesiology, and Physical Education/Fitness.",3,,, 55711,,,"La Sierra University",117627
"3801","Philosophy.",3,,,,,,"La Sierra University",117627
"3802","Religion/Religious Studies.",3,,,,,,"La Sierra University",117627
"3906","Theological and Ministerial Studies.",3,,,,,,"La Sierra University",117627
"4005","Chemistry.",3,,,,,,"La Sierra University",117627
"4008","Physics.",3,,,,,,"La Sierra University",117627
"4201","Psychology, General.",3,,, 49265,,    18,"La Sierra University",117627
"4227","Research and Experimental Psychology.",3,,,,,,"La Sierra University",117627
"4301","Criminal Justice and Corrections.",3, 48078,, 53902,    31,    43,"La Sierra University",117627
"4407","Social Work.",3,,, 69244,,    17,"La Sierra University",117627
"4503","Archeology.",3,,,,,,"La Sierra University",117627
"4506","Economics.",3,,,,,,"La Sierra University",117627
"4510","Political Science and Government.",3,,,,,,"La Sierra University",117627
"4511","Sociology.",3,,,,,,"La Sierra University",117627
"5004","Design and Applied Arts.",3,,,,,,"La Sierra University",117627
"5005","Drama/Theatre Arts and Stagecraft.",3,,,,,,"La Sierra University",117627
"5006","Film/Video and Photographic Arts.",3,,,,,,"La Sierra University",117627
"5007","Fine and Studio Arts.",3,,,,,,"La Sierra University",117627
"5009","Music.",3,,,,,,"La Sierra University",117627
"5100","Health Services/Allied Health/Health Sciences, General.",3,,,,,,"La Sierra University",117627
"5107","Health and Medical Administrative Services.",3,,,,,,"La Sierra University",117627
"5110","Clinical/Medical Laboratory Science/Research and Allied Professions.",3,,,,,,"La Sierra University",117627
"5111","Health/Medical Preparatory Programs.",3,,,,,    23,"La Sierra University",117627
"5122","Public Health.",3,,,,,,"La Sierra University",117627
"5201","Business/Commerce, General.",3,,,,,,"La Sierra University",117627
"5202","Business Administration, Management and Operations.",3,,, 56939,,    22,"La Sierra University",117627
"5203","Accounting and Related Services.",3,,, 59153,,,"La Sierra University",117627
"5208","Finance and Financial Management Services.",3,,,,,,"La Sierra University",117627
"5210","Human Resources Management and Services.",3,,,,,,"La Sierra University",117627
"5211","International Business.",3,,,,,,"La Sierra University",117627
"5214","Marketing.",3,,, 48040,,,"La Sierra University",117627
"5401","History.",3,,,,,,"La Sierra University",117627
"0301","Natural Resources Conservation and Research.",3,,,,,,"Loma Linda University",117636
"4006","Geological and Earth Sciences/Geosciences.",3,,,,,,"Loma Linda University",117636
"5100","Health Services/Allied Health/Health Sciences, General.",3,,,,,,"Loma Linda University",117636
"5102","Communication Disorders Sciences and Services.",3,,, 79062,,    19,"Loma Linda University",117636
"5106","Dental Support Services and Allied Professions.",3, 68354, 68126, 79207,    36,    59,"Loma Linda University",117636
"5107","Health and Medical Administrative Services.",3,,,,,,"Loma Linda University",117636
"5109","Allied Health Diagnostic, Intervention, and Treatment Professions.",3, 76844,,100224,    25,    33,"Loma Linda University",117636
"5110","Clinical/Medical Laboratory Science/Research and Allied Professions.",3,,117644,125835,,    30,"Loma Linda University",117636
"5131","Dietetics and Clinical Nutrition Services.",3,,,,,,"Loma Linda University",117636
"5138","Registered Nursing, Nursing Administration, Nursing Research and Clinical Nursing.",3, 99654, 99200,110805,   161,   207,"Loma Linda University",117636
"2601","Biology, General.",3,,,,,,"Southern California University of Health Sciences",117672
"5100","Health Services/Allied Health/Health Sciences, General.",3,,,,,,"Southern California University of Health Sciences",117672
"0901","Communication and Media Studies.",3,,, 57507,,    24,"The Master's University and Seminary",117751
"0904","Journalism.",3,,,,,,"The Master's University and Seminary",117751
"0907","Radio, Television, and Digital Communication.",3,,,,,,"The Master's University and Seminary",117751
"0910","Publishing.",3,,,,,,"The Master's University and Seminary",117751
"1101","Computer and Information Sciences, General.",3,,,,,,"The Master's University and Seminary",117751
"1901","Family and Consumer Sciences/Human Sciences, General.",3,,,,,,"The Master's University and Seminary",117751
"2301","English Language and Literature, General.",3,,,,,,"The Master's University and Seminary",117751
"2401","Liberal Arts and Sciences, General Studies and Humanities.",3,,, 47263,,    33,"The Master's University and Seminary",117751
"2601","Biology, General.",3,,,,,,"The Master's University and Seminary",117751
"2607","Zoology/Animal Biology.",3,,,,,,"The Master's University and Seminary",117751
"2701","Mathematics.",3,,,,,,"The Master's University and Seminary",117751
"3105","Sports, Kinesiology, and Physical Education/Fitness.",3,,,,,    17,"The Master's University and Seminary",117751
"3802","Religion/Religious Studies.",3,,,,,,"The Master's University and Seminary",117751
"3902","Bible/Biblical Studies.",3,,,,,,"The Master's University and Seminary",117751
"3903","Missions/Missionary Studies and Missiology.",3,,,,,,"The Master's University and Seminary",117751
"3904","Religious Education.",3,,,,,,"The Master's University and Seminary",117751
"3905","Religious Music and Worship.",3,,,,,,"The Master's University and Seminary",117751
"3906","Theological and Ministerial Studies.",3,,, 47403,,    25,"The Master's University and Seminary",117751
"3907","Pastoral Counseling and Specialized Ministries.",3,,,,,,"The Master's University and Seminary",117751
"4006","Geological and Earth Sciences/Geosciences.",3,,,,,,"The Master's University and Seminary",117751
"4510","Political Science and Government.",3,,,,,,"The Master's University and Seminary",117751
"5009","Music.",3,,,,,,"The Master's University and Seminary",117751
"5010","Arts, Entertainment, and Media Management.",3,,,,,,"The Master's University and Seminary",117751
"5202","Business Administration, Management and Operations.",3, 55183, 58908, 66165,    21,    45,"The Master's University and Seminary",117751
"5207","Entrepreneurial and Small Business Operations.",3,,,,,,"The Master's University and Seminary",117751
"5214","Marketing.",3,,,,,,"The Master's University and Seminary",117751
"5401","History.",3,,,,,,"The Master's University and Seminary",117751
"0301","Natural Resources Conservation and Research.",3,,,,,,"Loyola Marymount University",117946
"0501","Area Studies.",3,,,,,,"Loyola Marymount University",117946
"0502","Ethnic, Cultural Minority, Gender, and Group Studies.",3,,, 54897,,,"Loyola Marymount University",117946
"0901","Communication and Media Studies.",3, 57588, 61025, 69144,    53,   140,"Loyola Marymount University",117946
"0904","Journalism.",3,,,,,,"Loyola Marymount University",117946
"1002","Audiovisual Communications Technologies/Technicians.",3,,,,,,"Loyola Marymount University",117946
"1003","Graphic Communications.",3,,, 76522,,    24,"Loyola Marymount University",117946
"1101","Computer and Information Sciences, General.",3,,,127011,,,"Loyola Marymount University",117946
"1408","Civil Engineering.",3,,,103223,,,"Loyola Marymount University",117946
"1409","Computer Engineering.",3,,,,,,"Loyola Marymount University",117946
"1410","Electrical, Electronics, and Communications Engineering.",3,,,,,,"Loyola Marymount University",117946
"1412","Engineering Physics.",3,,,,,,"Loyola Marymount University",117946
"1419","Mechanical Engineering.",3, 83093, 92807, 96226,    17,    43,"Loyola Marymount University",117946
"1609","Romance Languages, Literatures, and Linguistics.",3,,, 62024,,    18,"Loyola Marymount University",117946
"2301","English Language and Literature, General.",3,, 57335, 66806,,    83,"Loyola Marymount University",117946
"2401","Liberal Arts and Sciences, General Studies and Humanities.",3,,, 62148,,    27,"Loyola Marymount University",117946
"2601","Biology, General.",3,,, 80317,,    37,"Loyola Marymount University",117946
"2602","Biochemistry, Biophysics and Molecular Biology.",3,,,,,    18,"Loyola Marymount University",117946
"2701","Mathematics.",3,,,,,,"Loyola Marymount University",117946
"2703","Applied Mathematics.",3,,,,,,"Loyola Marymount University",117946
"2705","Statistics.",3,,,,,,"Loyola Marymount University",117946
"3018","Natural Sciences.",3,,, 56124,,    25,"Loyola Marymount University",117946
"3022","Classical and Ancient Studies.",3,,,,,,"Loyola Marymount University",117946
"3099","Multi/Interdisciplinary Studies, Other.",3,,,,,,"Loyola Marymount University",117946
"3801","Philosophy.",3,,,,,    19,"Loyola Marymount University",117946
"3906","Theological and Ministerial Studies.",3,,,,,,"Loyola Marymount University",117946
"4005","Chemistry.",3,,,,,,"Loyola Marymount University",117946
"4008","Physics.",3,,,,,,"Loyola Marymount University",117946
"4201","Psychology, General.",3, 49519, 49683, 60958,    26,    75,"Loyola Marymount University",117946
"4506","Economics.",3, 67878, 76227, 88682,    19,    44,"Loyola Marymount University",117946
"4509","International Relations and National Security Studies.",3,,,,,,"Loyola Marymount University",117946
"4510","Political Science and Government.",3, 63541, 55187, 72375,    26,    75,"Loyola Marymount University",117946
"4511","Sociology.",3, 46546, 63844, 68053,    34,    69,"Loyola Marymount University",117946
"4512","Urban Studies/Affairs.",3,,,,,,"Loyola Marymount University",117946
"5003","Dance.",3,,, 35288,,    19,"Loyola Marymount University",117946
"5005","Drama/Theatre Arts and Stagecraft.",3, 39300, 33689, 49135,    28,    71,"Loyola Marymount University",117946
"5006","Film/Video and Photographic Arts.",3, 42763, 45163, 61500,    16,    53,"Loyola Marymount University",117946
"5007","Fine and Studio Arts.",3, 57355, 55384, 58468,    19,    40,"Loyola Marymount University",117946
"5009","Music.",3,,,,,,"Loyola Marymount University",117946
"5201","Business/Commerce, General.",3,,,,,,"Loyola Marymount University",117946
"5202","Business Administration, Management and Operations.",3,,, 82543,,,"Loyola Marymount University",117946
"5203","Accounting and Related Services.",3, 89460, 93944,111733,    33,    68,"Loyola Marymount University",117946
"5207","Entrepreneurial and Small Business Operations.",3, 53411, 62800, 69534,    19,    45,"Loyola Marymount University",117946
"5208","Finance and Financial Management Services.",3, 94187, 90243,109303,    26,    81,"Loyola Marymount University",117946
"5212","Management Information Systems and Services.",3,,,,,,"Loyola Marymount University",117946
"5213","Management Sciences and Quantitative Methods.",3,,,,,,"Loyola Marymount University",117946
"5214","Marketing.",3, 67648, 73133, 82825,    60,   151,"Loyola Marymount University",117946
"5401","History.",3,,,,,    28,"Loyola Marymount University",117946
"3071","Data Analytics.",3,,,,,,"Menlo College",118693
"3105","Sports, Kinesiology, and Physical Education/Fitness.",3,,,,,,"Menlo College",118693
"4201","Psychology, General.",3,,, 52942,,,"Menlo College",118693
"5202","Business Administration, Management and Operations.",3, 49417, 81540, 81996,    26,    41,"Menlo College",118693
"5203","Accounting and Related Services.",3,,, 93619,,    26,"Menlo College",118693
"5207","Entrepreneurial and Small Business Operations.",3,,,,,,"Menlo College",118693
"5208","Finance and Financial Management Services.",3,,,103918,,,"Menlo College",118693
"5210","Human Resources Management and Services.",3,,,,,,"Menlo College",118693
"5211","International Business.",3,,,,,,"Menlo College",118693
"5214","Marketing.",3,,, 74930,,,"Menlo College",118693
"5215","Real Estate.",3,,,,,,"Menlo College",118693
"1101","Computer and Information Sciences, General.",3,121049,134967,163708,    50,   115,"Northeastern University Oakland",118888
"2601","Biology, General.",3, 73878, 74379, 78327,    29,   102,"Northeastern University Oakland",118888
"4506","Economics.",3, 63151, 88470,101423,    38,    99,"Northeastern University Oakland",118888
"5107","Health and Medical Administrative Services.",3, 55243, 89207, 80233,    30,    98,"Northeastern University Oakland",118888
"5201","Business/Commerce, General.",3, 89617, 92666,113620,   177,   483,"Northeastern University Oakland",118888
"1504","Electromechanical Technologies/Technicians.",3,,,,,,"MiraCosta College",118912
"4101","Biology/Biotechnology Technologies/Technicians.",3,,,,,,"MiraCosta College",118912
"5109","Allied Health Diagnostic, Intervention, and Treatment Professions.",3,,,,,,"Modesto Junior College",118976
"4509","International Relations and National Security Studies.",3, 97620,, 92728,    17,    23,"Middlebury Institute of International Studies at Monterey",119058
"0301","Natural Resources Conservation and Research.",3,,,,,,"Mount Saint Mary's University",119173
"0501","Area Studies.",3,,,,,,"Mount Saint Mary's University",119173
"0502","Ethnic, Cultural Minority, Gender, and Group Studies.",3,,,,,,"Mount Saint Mary's University",119173
"0904","Journalism.",3,,,,,,"Mount Saint Mary's University",119173
"0910","Publishing.",3,,,,,,"Mount Saint Mary's University",119173
"1002","Audiovisual Communications Technologies/Technicians.",3,,,,,,"Mount Saint Mary's University",119173
"1101","Computer and Information Sciences, General.",3,,,,,,"Mount Saint Mary's University",119173
"1301","Education, General.",3,,,,,,"Mount Saint Mary's University",119173
"1304","Educational Administration and Supervision.",3,,,,,,"Mount Saint Mary's University",119173
"1310","Special Education and Teaching.",3,,,,,,"Mount Saint Mary's University",119173
"1312","Teacher Education and Professional Development, Specific Levels and Methods.",3,,,,,,"Mount Saint Mary's University",119173
"1399","Education, Other.",3,,,,,,"Mount Saint Mary's University",119173
"1609","Romance Languages, Literatures, and Linguistics.",3,,,,,,"Mount Saint Mary's University",119173
"1907","Human Development, Family Studies, and Related Services.",3,,, 39318,,    20,"Mount Saint Mary's University",119173
"2301","English Language and Literature, General.",3,,,,,,"Mount Saint Mary's University",119173
"2401","Liberal Arts and Sciences, General Studies and Humanities.",3,,, 56616,,,"Mount Saint Mary's University",119173
"2601","Biology, General.",3,,,,,,"Mount Saint Mary's University",119173
"2602","Biochemistry, Biophysics and Molecular Biology.",3,,,,,,"Mount Saint Mary's University",119173
"2613","Ecology, Evolution, Systematics, and Population Biology.",3,,,,,,"Mount Saint Mary's University",119173
"2701","Mathematics.",3,,,,,,"Mount Saint Mary's University",119173
"3000","Multi-/Interdisciplinary Studies, General.",3,,,,,,"Mount Saint Mary's University",119173
"3011","Gerontology.",3,,,,,,"Mount Saint Mary's University",119173
"3071","Data Analytics.",3,,,,,,"Mount Saint Mary's University",119173
"3099","Multi/Interdisciplinary Studies, Other.",3,,,,,,"Mount Saint Mary's University",119173
"3801","Philosophy.",3,,,,,,"Mount Saint Mary's University",119173
"3802","Religion/Religious Studies.",3,,,,,,"Mount Saint Mary's University",119173
"4005","Chemistry.",3,,,,,,"Mount Saint Mary's University",119173
"4201","Psychology, General.",3, 49393,,,    53,    67,"Mount Saint Mary's University",119173
"4227","Research and Experimental Psychology.",3,,, 49222,,,"Mount Saint Mary's University",119173
"4228","Clinical, Counseling and Applied Psychology.",3, 52221,, 52940,    16,    27,"Mount Saint Mary's University",119173
"4304","Security Science and Technology.",3,,,,,,"Mount Saint Mary's University",119173
"4400","Human Services, General.",3,,,,,,"Mount Saint Mary's University",119173
"4405","Public Policy Analysis.",3,,,,,    18,"Mount Saint Mary's University",119173
"4407","Social Work.",3,,,,,,"Mount Saint Mary's University",119173
"4501","Social Sciences, General.",3,,,,,,"Mount Saint Mary's University",119173
"4504","Criminology.",3,,,,,    18,"Mount Saint Mary's University",119173
"4507","Geography and Cartography.",3,,,,,,"Mount Saint Mary's University",119173
"4510","Political Science and Government.",3,,,,,,"Mount Saint Mary's University",119173
"4511","Sociology.",3, 58396,, 59575,    60,    76,"Mount Saint Mary's University",119173
"5004","Design and Applied Arts.",3,,,,,,"Mount Saint Mary's University",119173
"5005","Drama/Theatre Arts and Stagecraft.",3,,,,,,"Mount Saint Mary's University",119173
"5006","Film/Video and Photographic Arts.",3,,, 47091,,,"Mount Saint Mary's University",119173
"5007","Fine and Studio Arts.",3,,,,,,"Mount Saint Mary's University",119173
"5009","Music.",3,,,,,,"Mount Saint Mary's University",119173
"5010","Arts, Entertainment, and Media Management.",3,,,,,,"Mount Saint Mary's University",119173
"5111","Health/Medical Preparatory Programs.",3,,,105024,,,"Mount Saint Mary's University",119173
"5123","Rehabilitation and Therapeutic Professions.",3,,,,,,"Mount Saint Mary's University",119173
"5138","Registered Nursing, Nursing Administration, Nursing Research and Clinical Nursing.",3,102543,106352,119050,   127,   201,"Mount Saint Mary's University",119173
"5139","Practical Nursing, Vocational Nursing and Nursing Assistants.",3,,,,,,"Mount Saint Mary's University",119173
"5201","Business/Commerce, General.",3,,,,,,"Mount Saint Mary's University",119173
"5202","Business Administration, Management and Operations.",3, 58948, 83015, 63194,    36,    54,"Mount Saint Mary's University",119173
"5203","Accounting and Related Services.",3,,, 74449,,,"Mount Saint Mary's University",119173
"5211","International Business.",3,,,,,,"Mount Saint Mary's University",119173
"5214","Marketing.",3,,,,,,"Mount Saint Mary's University",119173
"5401","History.",3,,,,,,"Mount Saint Mary's University",119173
"5009","Music.",3,,,,,,"Musicians Institute",119270
"0301","Natural Resources Conservation and Research.",3,,,,,,"National University",119605
"0907","Radio, Television, and Digital Communication.",3,,,,,,"National University",119605
"0909","Public Relations, Advertising, and Applied Communication.",3,,,,,,"National University",119605
"1107","Computer Science.",3, 76526,, 95555,    17,    24,"National University",119605
"1110","Computer/Information Technology Administration and Management.",3, 72321,, 94203,    51,    61,"National University",119605
"1301","Education, General.",3,,,,,,"National University",119605
"1310","Special Education and Teaching.",3,,,,,,"National University",119605
"1312","Teacher Education and Professional Development, Specific Levels and Methods.",3, 42570,, 53761,   146,   158,"National University",119605
"1313","Teacher Education and Professional Development, Specific Subject Areas.",3,,,,,,"National University",119605
"1405","Biomedical/Medical Engineering.",3,,,,,,"National University",119605
"1410","Electrical, Electronics, and Communications Engineering.",3,,,100721,,,"National University",119605
"1433","Construction Engineering.",3,,,,,,"National University",119605
"1436","Manufacturing Engineering.",3,,, 97525,,,"National University",119605
"1609","Romance Languages, Literatures, and Linguistics.",3,,,,,,"National University",119605
"2200","Non-Professional Legal Studies.",3,,,,,,"National University",119605
"2203","Legal Support Services.",3,,,,,,"National University",119605
"2301","English Language and Literature, General.",3, 33182,, 59192,    21,    21,"National University",119605
"2401","Liberal Arts and Sciences, General Studies and Humanities.",3,,,,,,"National University",119605
"2601","Biology, General.",3,,,,,,"National University",119605
"2701","Mathematics.",3,,,,,,"National University",119605
"3000","Multi-/Interdisciplinary Studies, General.",3, 47341,, 58727,    30,    32,"National University",119605
"3018","Natural Sciences.",3,,,,,,"National University",119605
"3020","International/Globalization Studies.",3,,,,,,"National University",119605
"3105","Sports, Kinesiology, and Physical Education/Fitness.",3,,, 62748,,,"National University",119605
"4201","Psychology, General.",3, 52892, 58272, 66849,   114,   151,"National University",119605
"4299","Psychology, Other.",3,,,,,,"National University",119605
"4301","Criminal Justice and Corrections.",3, 55832, 42302, 81299,    68,    85,"National University",119605
"4303","Homeland Security.",3, 47928,, 80134,    19,    31,"National University",119605
"4304","Security Science and Technology.",3,,,,,,"National University",119605
"4404","Public Administration.",3,,,,,,"National University",119605
"4501","Social Sciences, General.",3,,,,,,"National University",119605
"4510","Political Science and Government.",3,,,,,,"National University",119605
"4511","Sociology.",3, 44650,, 64860,    28,    37,"National University",119605
"5006","Film/Video and Photographic Arts.",3,,,,,,"National University",119605
"5010","Arts, Entertainment, and Media Management.",3,,,,,,"National University",119605
"5100","Health Services/Allied Health/Health Sciences, General.",3, 57020,, 76305,    16,    24,"National University",119605
"5107","Health and Medical Administrative Services.",3, 63814,, 59956,    37,    42,"National University",119605
"5109","Allied Health Diagnostic, Intervention, and Treatment Professions.",3,,,121408,,    19,"National University",119605
"5110","Clinical/Medical Laboratory Science/Research and Allied Professions.",3, 68309,, 79900,    30,    42,"National University",119605
"5122","Public Health.",3, 46591,, 70340,    52,    67,"National University",119605
"5138","Registered Nursing, Nursing Administration, Nursing Research and Clinical Nursing.",3, 95861,100766,114413,   238,   355,"National University",119605
"5139","Practical Nursing, Vocational Nursing and Nursing Assistants.",3,,,,,,"National University",119605
"5202","Business Administration, Management and Operations.",3, 60304, 84206, 78266,   230,   285,"National University",119605
"5203","Accounting and Related Services.",3, 51987,, 79696,    66,    83,"National University",119605
"5205","Business/Corporate Communications.",3,,,,,    18,"National University",119605
"5208","Finance and Financial Management Services.",3,,,,,,"National University",119605
"5210","Human Resources Management and Services.",3,,,,,,"National University",119605
"5212","Management Information Systems and Services.",3, 78403,, 94118,    25,    36,"National University",119605
"5220","Construction Management.",3,,,,,,"National University",119605
"5401","History.",3,,, 59645,,,"National University",119605
"0402","Architecture.",3, 60040,, 74587,    55,    58,"Newschool of Architecture and Design",119775
"0409","Architectural Sciences and Technology.",3,,,,,,"Newschool of Architecture and Design",119775
"1003","Graphic Communications.",3,,,,,,"Newschool of Architecture and Design",119775
"5004","Design and Applied Arts.",3,,,,,,"Newschool of Architecture and Design",119775
"5220","Construction Management.",3,,,101676,,,"Newschool of Architecture and Design",119775
"0901","Communication and Media Studies.",3,,, 51994,,    21,"Notre Dame de Namur University",120184
"1101","Computer and Information Sciences, General.",3,,,,,,"Notre Dame de Namur University",120184
"1107","Computer Science.",3,,,,,,"Notre Dame de Namur University",120184
"2301","English Language and Literature, General.",3,,,,,,"Notre Dame de Namur University",120184
"2401","Liberal Arts and Sciences, General Studies and Humanities.",3,,,,,,"Notre Dame de Namur University",120184
"2601","Biology, General.",3,,, 75059,,,"Notre Dame de Namur University",120184
"2602","Biochemistry, Biophysics and Molecular Biology.",3,,,,,,"Notre Dame de Namur University",120184
"2609","Physiology, Pathology and Related Sciences.",3,,,,,    24,"Notre Dame de Namur University",120184
"3000","Multi-/Interdisciplinary Studies, General.",3,,,,,,"Notre Dame de Namur University",120184
"3801","Philosophy.",3,,,,,,"Notre Dame de Namur University",120184
"4201","Psychology, General.",3, 42425,, 63847,    22,    36,"Notre Dame de Namur University",120184
"4400","Human Services, General.",3,,,,,    22,"Notre Dame de Namur University",120184
"4510","Political Science and Government.",3,,,,,,"Notre Dame de Namur University",120184
"4511","Sociology.",3,,, 68503,,,"Notre Dame de Namur University",120184
"5004","Design and Applied Arts.",3,,,,,,"Notre Dame de Namur University",120184
"5005","Drama/Theatre Arts and Stagecraft.",3,,,,,,"Notre Dame de Namur University",120184
"5007","Fine and Studio Arts.",3,,,,,,"Notre Dame de Namur University",120184
"5009","Music.",3,,,,,,"Notre Dame de Namur University",120184
"5100","Health Services/Allied Health/Health Sciences, General.",3,,,,,,"Notre Dame de Namur University",120184
"5202","Business Administration, Management and Operations.",3, 91599,, 83441,    27,    47,"Notre Dame de Namur University",120184
"5203","Accounting and Related Services.",3,,,,,,"Notre Dame de Namur University",120184
"5401","History.",3,,,,,,"Notre Dame de Namur University",120184
"0301","Natural Resources Conservation and Research.",3,,, 59542,,    22,"Occidental College",120254
"0501","Area Studies.",3,,,,,,"Occidental College",120254
"0502","Ethnic, Cultural Minority, Gender, and Group Studies.",3,,,,,,"Occidental College",120254
"1107","Computer Science.",3,,,,,,"Occidental College",120254
"1601","Linguistic, Comparative, and Related Language Studies and Services.",3,,,,,,"Occidental College",120254
"1603","East Asian Languages, Literatures, and Linguistics.",3,,,,,,"Occidental College",120254
"1609","Romance Languages, Literatures, and Linguistics.",3,,, 71779,,    16,"Occidental College",120254
"2301","English Language and Literature, General.",3,,,,,,"Occidental College",120254
"2601","Biology, General.",3,,, 59985,,    19,"Occidental College",120254
"2602","Biochemistry, Biophysics and Molecular Biology.",3,,,,,,"Occidental College",120254
"2701","Mathematics.",3,,, 88080,,,"Occidental College",120254
"3000","Multi-/Interdisciplinary Studies, General.",3,,,,,,"Occidental College",120254
"3025","Cognitive Science.",3,,, 78782,,,"Occidental College",120254
"3026","Cultural Studies/Critical Theory and Analysis.",3,,,,,,"Occidental College",120254
"3105","Sports, Kinesiology, and Physical Education/Fitness.",3,,,,,,"Occidental College",120254
"3801","Philosophy.",3,,,,,,"Occidental College",120254
"3802","Religion/Religious Studies.",3,,,,,,"Occidental College",120254
"4005","Chemistry.",3,,,,,,"Occidental College",120254
"4006","Geological and Earth Sciences/Geosciences.",3,,,,,,"Occidental College",120254
"4008","Physics.",3,,,,,,"Occidental College",120254
"4201","Psychology, General.",3,,, 56800,,    17,"Occidental College",120254
"4227","Research and Experimental Psychology.",3,,,,,,"Occidental College",120254
"4506","Economics.",3, 70323, 98831,103164,    23,    41,"Occidental College",120254
"4509","International Relations and National Security Studies.",3,, 71064, 70394,,    32,"Occidental College",120254
"4510","Political Science and Government.",3,,, 72441,,    25,"Occidental College",120254
"4511","Sociology.",3,,, 58598,,    21,"Occidental College",120254
"5005","Drama/Theatre Arts and Stagecraft.",3,,,,,,"Occidental College",120254
"5006","Film/Video and Photographic Arts.",3,,,,,,"Occidental College",120254
"5007","Fine and Studio Arts.",3,,,,,    21,"Occidental College",120254
"5009","Music.",3,,,,,,"Occidental College",120254
"5401","History.",3,,,,,,"Occidental College",120254
"0404","Environmental Design.",3,,,,,,"Otis College of Art and Design",120403
"5001","Visual and Performing Arts, General.",3, 65823,, 47220,    67,    84,"Otis College of Art and Design",120403
"5004","Design and Applied Arts.",3, 50700, 58305, 55891,   118,   137,"Otis College of Art and Design",120403
"5007","Fine and Studio Arts.",3, 13225,, 38997,    26,    25,"Otis College of Art and Design",120403
"1301","Education, General.",3,,, 45971,,,"Hope International University",120537
"1312","Teacher Education and Professional Development, Specific Levels and Methods.",3,,,,,,"Hope International University",120537
"1313","Teacher Education and Professional Development, Specific Subject Areas.",3,,,,,,"Hope International University",120537
"1907","Human Development, Family Studies, and Related Services.",3,,,,,,"Hope International University",120537
"2301","English Language and Literature, General.",3,,,,,,"Hope International University",120537
"2401","Liberal Arts and Sciences, General Studies and Humanities.",3,,,,,,"Hope International University",120537
"3099","Multi/Interdisciplinary Studies, Other.",3,,,,,,"Hope International University",120537
"3105","Sports, Kinesiology, and Physical Education/Fitness.",3,,,,,,"Hope International University",120537
"3902","Bible/Biblical Studies.",3,,,,,,"Hope International University",120537
"3903","Missions/Missionary Studies and Missiology.",3,,,,,,"Hope International University",120537
"3905","Religious Music and Worship.",3,,,,,,"Hope International University",120537
"3906","Theological and Ministerial Studies.",3,,, 50647,,,"Hope International University",120537
"3907","Pastoral Counseling and Specialized Ministries.",3,,,,,,"Hope International University",120537
"4201","Psychology, General.",3,,, 47206,,    17,"Hope International University",120537
"4301","Criminal Justice and Corrections.",3,,,,,,"Hope International University",120537
"4501","Social Sciences, General.",3,,, 58263,,,"Hope International University",120537
"5202","Business Administration, Management and Operations.",3, 53920,, 61912,    28,    38,"Hope International University",120537
"4201","Psychology, General.",3,,,,,,"Palo Alto University",120698
"4227","Research and Experimental Psychology.",3, 60272,,,    26,    39,"Palo Alto University",120698
"4228","Clinical, Counseling and Applied Psychology.",3,,,,,    21,"Palo Alto University",120698
"1312","Teacher Education and Professional Development, Specific Levels and Methods.",3,,, 51865,,    17,"Pacific Oaks College",120768
"1907","Human Development, Family Studies, and Related Services.",3, 44025, 48992, 56791,   130,   157,"Pacific Oaks College",120768
"4228","Clinical, Counseling and Applied Psychology.",3,,,,,,"Pacific Oaks College",120768
"4407","Social Work.",3,,,,,,"Pacific Oaks College",120768
"5202","Business Administration, Management and Operations.",3,,,,,,"Pacific Oaks College",120768
"5202","Business Administration, Management and Operations.",3,,,,,,"Pacific States University",120838
"0301","Natural Resources Conservation and Research.",3,,,,,,"Pacific Union College",120865
"0901","Communication and Media Studies.",3,,,,,,"Pacific Union College",120865
"0904","Journalism.",3,,,,,,"Pacific Union College",120865
"0907","Radio, Television, and Digital Communication.",3,,,,,,"Pacific Union College",120865
"0909","Public Relations, Advertising, and Applied Communication.",3,,, 77121,,,"Pacific Union College",120865
"1312","Teacher Education and Professional Development, Specific Levels and Methods.",3,,,,,,"Pacific Union College",120865
"1313","Teacher Education and Professional Development, Specific Subject Areas.",3,,,,,,"Pacific Union College",120865
"1605","Germanic Languages, Literatures, and Linguistics.",3,,,,,,"Pacific Union College",120865
"1609","Romance Languages, Literatures, and Linguistics.",3,,,,,,"Pacific Union College",120865
"1611","Middle/Near Eastern and Semitic Languages, Literatures, and Linguistics.",3,,,,,,"Pacific Union College",120865
"2301","English Language and Literature, General.",3,,,,,,"Pacific Union College",120865
"2401","Liberal Arts and Sciences, General Studies and Humanities.",3,,,,,,"Pacific Union College",120865
"2601","Biology, General.",3,,,,,,"Pacific Union College",120865
"2602","Biochemistry, Biophysics and Molecular Biology.",3,,,,,,"Pacific Union College",120865
"2611","Biomathematics, Bioinformatics, and Computational Biology.",3,,,,,,"Pacific Union College",120865
"2612","Biotechnology.",3,,,,,,"Pacific Union College",120865
"2701","Mathematics.",3,,,,,,"Pacific Union College",120865
"3018","Natural Sciences.",3,,,,,,"Pacific Union College",120865
"3020","International/Globalization Studies.",3,,,,,,"Pacific Union College",120865
"3070","Data Science.",3,,,,,,"Pacific Union College",120865
"3105","Sports, Kinesiology, and Physical Education/Fitness.",3, 54935,,,    20,    25,"Pacific Union College",120865
"3802","Religion/Religious Studies.",3,,,,,,"Pacific Union College",120865
"3902","Bible/Biblical Studies.",3,,,,,,"Pacific Union College",120865
"3903","Missions/Missionary Studies and Missiology.",3,,,,,,"Pacific Union College",120865
"3906","Theological and Ministerial Studies.",3,,,,,,"Pacific Union College",120865
"4005","Chemistry.",3,,,,,,"Pacific Union College",120865
"4008","Physics.",3,,,,,,"Pacific Union College",120865
"4201","Psychology, General.",3,,,,,,"Pacific Union College",120865
"4303","Homeland Security.",3,,,,,,"Pacific Union College",120865
"4407","Social Work.",3,,, 61514,,,"Pacific Union College",120865
"4510","Political Science and Government.",3,,,,,,"Pacific Union College",120865
"4901","Air Transportation.",3,,,,,,"Pacific Union College",120865
"5004","Design and Applied Arts.",3,,,,,,"Pacific Union College",120865
"5006","Film/Video and Photographic Arts.",3,,,,,,"Pacific Union College",120865
"5007","Fine and Studio Arts.",3,,,,,,"Pacific Union College",120865
"5009","Music.",3,,,,,,"Pacific Union College",120865
"5109","Allied Health Diagnostic, Intervention, and Treatment Professions.",3,,,,,,"Pacific Union College",120865
"5122","Public Health.",3,,,,,,"Pacific Union College",120865
"5138","Registered Nursing, Nursing Administration, Nursing Research and Clinical Nursing.",3, 99427,,140542,    19,    27,"Pacific Union College",120865
"5201","Business/Commerce, General.",3,,, 73035,,    21,"Pacific Union College",120865
"5212","Management Information Systems and Services.",3,,,,,,"Pacific Union College",120865
"5401","History.",3,,,,,,"Pacific Union College",120865
"0301","Natural Resources Conservation and Research.",3,,,,,,"University of the Pacific",120883
"0501","Area Studies.",3,,,,,,"University of the Pacific",120883
"0901","Communication and Media Studies.",3, 48714,, 60666,    22,    35,"University of the Pacific",120883
"0907","Radio, Television, and Digital Communication.",3,,,,,,"University of the Pacific",120883
"1107","Computer Science.",3, 76193,,147511,    22,    40,"University of the Pacific",120883
"1312","Teacher Education and Professional Development, Specific Levels and Methods.",3, 55834,, 69342,    28,    37,"University of the Pacific",120883
"1313","Teacher Education and Professional Development, Specific Subject Areas.",3,,,,,,"University of the Pacific",120883
"1401","Engineering, General.",3,,,,,    21,"University of the Pacific",120883
"1405","Biomedical/Medical Engineering.",3,,,,,,"University of the Pacific",120883
"1408","Civil Engineering.",3, 91485,, 90510,    21,    32,"University of the Pacific",120883
"1409","Computer Engineering.",3,121704,,,    16,    20,"University of the Pacific",120883
"1410","Electrical, Electronics, and Communications Engineering.",3,,,,,,"University of the Pacific",120883
"1412","Engineering Physics.",3,,,,,,"University of the Pacific",120883
"1419","Mechanical Engineering.",3, 75665,, 99573,    23,    29,"University of the Pacific",120883
"1515","Engineering-Related Fields.",3,,, 92718,,    17,"University of the Pacific",120883
"1603","East Asian Languages, Literatures, and Linguistics.",3,,,,,,"University of the Pacific",120883
"1609","Romance Languages, Literatures, and Linguistics.",3, 49657,, 61487,    22,    30,"University of the Pacific",120883
"2301","English Language and Literature, General.",3,,,,,    22,"University of the Pacific",120883
"2401","Liberal Arts and Sciences, General Studies and Humanities.",3,,,,,,"University of the Pacific",120883
"2601","Biology, General.",3, 69707, 90736, 83012,    30,    92,"University of the Pacific",120883
"2602","Biochemistry, Biophysics and Molecular Biology.",3,,,,,    20,"University of the Pacific",120883
"2701","Mathematics.",3,,,,,,"University of the Pacific",120883
"2703","Applied Mathematics.",3,,,,,,"University of the Pacific",120883
"3001","Biological and Physical Sciences.",3,,,,,,"University of the Pacific",120883
"3020","International/Globalization Studies.",3,,,,,,"University of the Pacific",120883
"3041","Environmental Geosciences.",3,,,,,,"University of the Pacific",120883
"3099","Multi/Interdisciplinary Studies, Other.",3,161384,165614,171261,    44,    87,"University of the Pacific",120883
"3105","Sports, Kinesiology, and Physical Education/Fitness.",3,,, 59012,,    21,"University of the Pacific",120883
"3801","Philosophy.",3,,,,,,"University of the Pacific",120883
"3802","Religion/Religious Studies.",3,,,,,,"University of the Pacific",120883
"4005","Chemistry.",3,,,,,,"University of the Pacific",120883
"4006","Geological and Earth Sciences/Geosciences.",3,,,,,,"University of the Pacific",120883
"4008","Physics.",3,,,,,,"University of the Pacific",120883
"4201","Psychology, General.",3, 49673,, 52612,    17,    29,"University of the Pacific",120883
"4501","Social Sciences, General.",3,,,,,,"University of the Pacific",120883
"4506","Economics.",3,,, 79510,,    19,"University of the Pacific",120883
"4509","International Relations and National Security Studies.",3,,,,,,"University of the Pacific",120883
"4510","Political Science and Government.",3,,, 50827,,,"University of the Pacific",120883
"4511","Sociology.",3,,, 58275,,    16,"University of the Pacific",120883
"5004","Design and Applied Arts.",3,,,,,,"University of the Pacific",120883
"5005","Drama/Theatre Arts and Stagecraft.",3,,,,,,"University of the Pacific",120883
"5006","Film/Video and Photographic Arts.",3,,,,,,"University of the Pacific",120883
"5007","Fine and Studio Arts.",3,,,,,,"University of the Pacific",120883
"5009","Music.",3,,, 43093,,,"University of the Pacific",120883
"5010","Arts, Entertainment, and Media Management.",3,,,,,,"University of the Pacific",120883
"5102","Communication Disorders Sciences and Services.",3, 56099,, 77549,    16,    31,"University of the Pacific",120883
"5106","Dental Support Services and Allied Professions.",3,,, 86150,,,"University of the Pacific",120883
"5109","Allied Health Diagnostic, Intervention, and Treatment Professions.",3,,,,,,"University of the Pacific",120883
"5111","Health/Medical Preparatory Programs.",3,,,,,,"University of the Pacific",120883
"5122","Public Health.",3,,,,,,"University of the Pacific",120883
"5123","Rehabilitation and Therapeutic Professions.",3,,,,,,"University of the Pacific",120883
"5202","Business Administration, Management and Operations.",3, 72119, 73340, 76025,   105,   146,"University of the Pacific",120883
"5203","Accounting and Related Services.",3,,,,,,"University of the Pacific",120883
"5210","Human Resources Management and Services.",3,,, 75444,,,"University of the Pacific",120883
"5213","Management Sciences and Quantitative Methods.",3,,,,,,"University of the Pacific",120883
"5401","History.",3,,,,,,"University of the Pacific",120883
"0501","Area Studies.",3,,,,,,"Pepperdine University",121150
"0502","Ethnic, Cultural Minority, Gender, and Group Studies.",3,,,,,,"Pepperdine University",121150
"0901","Communication and Media Studies.",3,,,,,    17,"Pepperdine University",121150
"0904","Journalism.",3,,, 58801,,,"Pepperdine University",121150
"0907","Radio, Television, and Digital Communication.",3,,, 55432,,    19,"Pepperdine University",121150
"0909","Public Relations, Advertising, and Applied Communication.",3, 69901, 64600, 81417,    56,   114,"Pepperdine University",121150
"1110","Computer/Information Technology Administration and Management.",3,,,,,,"Pepperdine University",121150
"1313","Teacher Education and Professional Development, Specific Subject Areas.",3,,,,,,"Pepperdine University",121150
"1605","Germanic Languages, Literatures, and Linguistics.",3,,,,,,"Pepperdine University",121150
"1609","Romance Languages, Literatures, and Linguistics.",3,,,,,,"Pepperdine University",121150
"1611","Middle/Near Eastern and Semitic Languages, Literatures, and Linguistics.",3,,,,,,"Pepperdine University",121150
"2301","English Language and Literature, General.",3,,,,,,"Pepperdine University",121150
"2313","Rhetoric and Composition/Writing Studies.",3,,,,,,"Pepperdine University",121150
"2401","Liberal Arts and Sciences, General Studies and Humanities.",3,,,,,    16,"Pepperdine University",121150
"2601","Biology, General.",3,,,,,,"Pepperdine University",121150
"2701","Mathematics.",3,,,,,,"Pepperdine University",121150
"3008","Mathematics and Computer Science.",3,,,,,,"Pepperdine University",121150
"3018","Natural Sciences.",3,,,,,,"Pepperdine University",121150
"3019","Nutrition Sciences.",3,,,,,,"Pepperdine University",121150
"3020","International/Globalization Studies.",3, 44380,, 62495,    17,    33,"Pepperdine University",121150
"3033","Sustainability Studies.",3,,,,,,"Pepperdine University",121150
"3099","Multi/Interdisciplinary Studies, Other.",3,,,,,,"Pepperdine University",121150
"3105","Sports, Kinesiology, and Physical Education/Fitness.",3,, 74389, 65100,,    33,"Pepperdine University",121150
"3801","Philosophy.",3,,,,,,"Pepperdine University",121150
"3802","Religion/Religious Studies.",3,,,,,,"Pepperdine University",121150
"4005","Chemistry.",3,,,,,,"Pepperdine University",121150
"4008","Physics.",3,,,,,,"Pepperdine University",121150
"4201","Psychology, General.",3, 51588, 54178, 61353,    34,    67,"Pepperdine University",121150
"4228","Clinical, Counseling and Applied Psychology.",3,,,,,,"Pepperdine University",121150
"4506","Economics.",3,, 73509,104943,,    39,"Pepperdine University",121150
"4510","Political Science and Government.",3,,, 75954,,    23,"Pepperdine University",121150
"4511","Sociology.",3,,,,,,"Pepperdine University",121150
"5005","Drama/Theatre Arts and Stagecraft.",3,,, 50594,,    17,"Pepperdine University",121150
"5006","Film/Video and Photographic Arts.",3,,,,,,"Pepperdine University",121150
"5007","Fine and Studio Arts.",3,,,,,,"Pepperdine University",121150
"5009","Music.",3,,,,,,"Pepperdine University",121150
"5010","Arts, Entertainment, and Media Management.",3,,,,,,"Pepperdine University",121150
"5202","Business Administration, Management and Operations.",3, 73507, 88291, 91227,    83,   141,"Pepperdine University",121150
"5203","Accounting and Related Services.",3,,,,,    24,"Pepperdine University",121150
"5208","Finance and Financial Management Services.",3,,,,,,"Pepperdine University",121150
"5211","International Business.",3,,,100595,,,"Pepperdine University",121150
"5401","History.",3,,,,,,"Pepperdine University",121150
"0100","Agriculture, General.",3,,,,,,"Pitzer College",121257
"0301","Natural Resources Conservation and Research.",3,,,,,,"Pitzer College",121257
"0501","Area Studies.",3,,,,,,"Pitzer College",121257
"0502","Ethnic, Cultural Minority, Gender, and Group Studies.",3,,,,,,"Pitzer College",121257
"0901","Communication and Media Studies.",3,,,,,,"Pitzer College",121257
"1107","Computer Science.",3,,,,,,"Pitzer College",121257
"1304","Educational Administration and Supervision.",3,,,,,,"Pitzer College",121257
"1399","Education, Other.",3,,,,,,"Pitzer College",121257
"1436","Manufacturing Engineering.",3,,,,,,"Pitzer College",121257
"1601","Linguistic, Comparative, and Related Language Studies and Services.",3,,,,,,"Pitzer College",121257
"1609","Romance Languages, Literatures, and Linguistics.",3,,,,,,"Pitzer College",121257
"1612","Classics and Classical Languages, Literatures, and Linguistics.",3,,,,,,"Pitzer College",121257
"1699","Foreign Languages, Literatures, and Linguistics, Other.",3,,,,,,"Pitzer College",121257
"2200","Non-Professional Legal Studies.",3,,,,,,"Pitzer College",121257
"2301","English Language and Literature, General.",3,,,,,,"Pitzer College",121257
"2313","Rhetoric and Composition/Writing Studies.",3,,,,,,"Pitzer College",121257
"2401","Liberal Arts and Sciences, General Studies and Humanities.",3,,,,,,"Pitzer College",121257
"2601","Biology, General.",3,,,,,,"Pitzer College",121257
"2602","Biochemistry, Biophysics and Molecular Biology.",3,,,,,,"Pitzer College",121257
"2613","Ecology, Evolution, Systematics, and Population Biology.",3,,,,,,"Pitzer College",121257
"2615","Neurobiology and Neurosciences.",3,,,,,,"Pitzer College",121257
"2701","Mathematics.",3,,,,,,"Pitzer College",121257
"3000","Multi-/Interdisciplinary Studies, General.",3,,,,,,"Pitzer College",121257
"3001","Biological and Physical Sciences.",3,,,,,,"Pitzer College",121257
"3006","Systems Science and Theory.",3,,,,,,"Pitzer College",121257
"3015","Science, Technology and Society.",3,,,,,,"Pitzer College",121257
"3020","International/Globalization Studies.",3,,,,,,"Pitzer College",121257
"3025","Cognitive Science.",3,,,,,,"Pitzer College",121257
"3027","Human Biology.",3,,,,,,"Pitzer College",121257
"3033","Sustainability Studies.",3,,,,,,"Pitzer College",121257
"3099","Multi/Interdisciplinary Studies, Other.",3,,,,,,"Pitzer College",121257
"3801","Philosophy.",3,,,,,,"Pitzer College",121257
"3802","Religion/Religious Studies.",3,,,,,,"Pitzer College",121257
"4005","Chemistry.",3,,,,,,"Pitzer College",121257
"4006","Geological and Earth Sciences/Geosciences.",3,,,,,,"Pitzer College",121257
"4008","Physics.",3,,,,,,"Pitzer College",121257
"4201","Psychology, General.",3,,,,,,"Pitzer College",121257
"4227","Research and Experimental Psychology.",3,,,,,,"Pitzer College",121257
"4405","Public Policy Analysis.",3,,,,,,"Pitzer College",121257
"4502","Anthropology.",3,,,,,,"Pitzer College",121257
"4506","Economics.",3,,,,,,"Pitzer College",121257
"4507","Geography and Cartography.",3,,,,,,"Pitzer College",121257
"4509","International Relations and National Security Studies.",3,,,,,,"Pitzer College",121257
"4510","Political Science and Government.",3,,, 68831,,,"Pitzer College",121257
"4511","Sociology.",3,,,,,,"Pitzer College",121257
"5003","Dance.",3,,,,,,"Pitzer College",121257
"5005","Drama/Theatre Arts and Stagecraft.",3,,,,,,"Pitzer College",121257
"5007","Fine and Studio Arts.",3,,,,,,"Pitzer College",121257
"5009","Music.",3,,,,,,"Pitzer College",121257
"5099","Visual and Performing Arts, Other.",3,,,,,,"Pitzer College",121257
"5122","Public Health.",3,,,,,,"Pitzer College",121257
"5203","Accounting and Related Services.",3,,,,,,"Pitzer College",121257
"5207","Entrepreneurial and Small Business Operations.",3,,,,,,"Pitzer College",121257
"5210","Human Resources Management and Services.",3,,, 89636,,,"Pitzer College",121257
"5401","History.",3,,,,,,"Pitzer College",121257
"0301","Natural Resources Conservation and Research.",3,,,,,,"Point Loma Nazarene University",121309
"0901","Communication and Media Studies.",3,,, 47092,,    17,"Point Loma Nazarene University",121309
"0904","Journalism.",3,,,,,,"Point Loma Nazarene University",121309
"0907","Radio, Television, and Digital Communication.",3,,,,,,"Point Loma Nazarene University",121309
"0909","Public Relations, Advertising, and Applied Communication.",3,,,,,,"Point Loma Nazarene University",121309
"1101","Computer and Information Sciences, General.",3,,,,,,"Point Loma Nazarene University",121309
"1107","Computer Science.",3,,,,,,"Point Loma Nazarene University",121309
"1312","Teacher Education and Professional Development, Specific Levels and Methods.",3,,, 56198,,,"Point Loma Nazarene University",121309
"1313","Teacher Education and Professional Development, Specific Subject Areas.",3,,,,,,"Point Loma Nazarene University",121309
"1401","Engineering, General.",3,,,,,,"Point Loma Nazarene University",121309
"1409","Computer Engineering.",3,,,,,,"Point Loma Nazarene University",121309
"1412","Engineering Physics.",3,,,,,,"Point Loma Nazarene University",121309
"1512","Computer Engineering Technologies/Technicians.",3,,,,,,"Point Loma Nazarene University",121309
"1609","Romance Languages, Literatures, and Linguistics.",3,,,,,,"Point Loma Nazarene University",121309
"1905","Foods, Nutrition, and Related Services.",3,,,,,,"Point Loma Nazarene University",121309
"1907","Human Development, Family Studies, and Related Services.",3,,, 46119,,    23,"Point Loma Nazarene University",121309
"2301","English Language and Literature, General.",3,,,,,,"Point Loma Nazarene University",121309
"2313","Rhetoric and Composition/Writing Studies.",3,,,,,,"Point Loma Nazarene University",121309
"2401","Liberal Arts and Sciences, General Studies and Humanities.",3,,,,,,"Point Loma Nazarene University",121309
"2601","Biology, General.",3,,, 65365,,    18,"Point Loma Nazarene University",121309
"2602","Biochemistry, Biophysics and Molecular Biology.",3,,,,,,"Point Loma Nazarene University",121309
"2701","Mathematics.",3,,,,,,"Point Loma Nazarene University",121309
"3020","International/Globalization Studies.",3,,,,,,"Point Loma Nazarene University",121309
"3070","Data Science.",3,,,,,,"Point Loma Nazarene University",121309
"3099","Multi/Interdisciplinary Studies, Other.",3,,,,,,"Point Loma Nazarene University",121309
"3105","Sports, Kinesiology, and Physical Education/Fitness.",3,,,,,,"Point Loma Nazarene University",121309
"3801","Philosophy.",3,,,,,,"Point Loma Nazarene University",121309
"3802","Religion/Religious Studies.",3,,,,,,"Point Loma Nazarene University",121309
"3899","Philosophy and Religious Studies, Other.",3,,,,,,"Point Loma Nazarene University",121309
"3902","Bible/Biblical Studies.",3,,,,,,"Point Loma Nazarene University",121309
"3905","Religious Music and Worship.",3,,,,,,"Point Loma Nazarene University",121309
"3906","Theological and Ministerial Studies.",3,,,,,,"Point Loma Nazarene University",121309
"3907","Pastoral Counseling and Specialized Ministries.",3,,,,,,"Point Loma Nazarene University",121309
"4005","Chemistry.",3,,,,,,"Point Loma Nazarene University",121309
"4008","Physics.",3,,,,,,"Point Loma Nazarene University",121309
"4201","Psychology, General.",3, 53066,, 46437,    24,    49,"Point Loma Nazarene University",121309
"4301","Criminal Justice and Corrections.",3,,, 59183,,,"Point Loma Nazarene University",121309
"4404","Public Administration.",3,,,,,,"Point Loma Nazarene University",121309
"4407","Social Work.",3,,,,,,"Point Loma Nazarene University",121309
"4506","Economics.",3,,,,,,"Point Loma Nazarene University",121309
"4510","Political Science and Government.",3,,,,,,"Point Loma Nazarene University",121309
"4511","Sociology.",3,,,,,,"Point Loma Nazarene University",121309
"5001","Visual and Performing Arts, General.",3,,,,,,"Point Loma Nazarene University",121309
"5004","Design and Applied Arts.",3,,, 57740,,    23,"Point Loma Nazarene University",121309
"5009","Music.",3,,,,,,"Point Loma Nazarene University",121309
"5100","Health Services/Allied Health/Health Sciences, General.",3,,,,,,"Point Loma Nazarene University",121309
"5109","Allied Health Diagnostic, Intervention, and Treatment Professions.",3, 51099,, 59654,    19,    40,"Point Loma Nazarene University",121309
"5131","Dietetics and Clinical Nutrition Services.",3,,,,,,"Point Loma Nazarene University",121309
"5138","Registered Nursing, Nursing Administration, Nursing Research and Clinical Nursing.",3, 95903,101108,114919,    28,    82,"Point Loma Nazarene University",121309
"5202","Business Administration, Management and Operations.",3,,, 74495,,    33,"Point Loma Nazarene University",121309
"5203","Accounting and Related Services.",3,,,,,    16,"Point Loma Nazarene University",121309
"5205","Business/Corporate Communications.",3,,, 60187,,    28,"Point Loma Nazarene University",121309
"5207","Entrepreneurial and Small Business Operations.",3,,,,,,"Point Loma Nazarene University",121309
"5208","Finance and Financial Management Services.",3,,,,,    21,"Point Loma Nazarene University",121309
"5212","Management Information Systems and Services.",3,,,,,,"Point Loma Nazarene University",121309
"5213","Management Sciences and Quantitative Methods.",3,,,,,,"Point Loma Nazarene University",121309
"5214","Marketing.",3,,,,,    17,"Point Loma Nazarene University",121309
"5219","Specialized Sales, Merchandising and  Marketing Operations.",3,,,,,,"Point Loma Nazarene University",121309
"5401","History.",3,,,,,,"Point Loma Nazarene University",121309
"0301","Natural Resources Conservation and Research.",3,,,,,,"Pomona College",121345
"0501","Area Studies.",3,,,,,,"Pomona College",121345
"0502","Ethnic, Cultural Minority, Gender, and Group Studies.",3,,,,,,"Pomona College",121345
"0901","Communication and Media Studies.",3,,,,,,"Pomona College",121345
"1107","Computer Science.",3,,,217051,,,"Pomona College",121345
"1401","Engineering, General.",3,,,,,,"Pomona College",121345
"1601","Linguistic, Comparative, and Related Language Studies and Services.",3,,,,,,"Pomona College",121345
"1603","East Asian Languages, Literatures, and Linguistics.",3,,,,,,"Pomona College",121345
"1604","Slavic, Baltic and Albanian Languages, Literatures, and Linguistics.",3,,,,,,"Pomona College",121345
"1605","Germanic Languages, Literatures, and Linguistics.",3,,,,,,"Pomona College",121345
"1609","Romance Languages, Literatures, and Linguistics.",3,,,,,,"Pomona College",121345
"1612","Classics and Classical Languages, Literatures, and Linguistics.",3,,,,,,"Pomona College",121345
"2301","English Language and Literature, General.",3,,,,,,"Pomona College",121345
"2601","Biology, General.",3,,,,,,"Pomona College",121345
"2602","Biochemistry, Biophysics and Molecular Biology.",3,,,,,,"Pomona College",121345
"2615","Neurobiology and Neurosciences.",3,,,,,,"Pomona College",121345
"2701","Mathematics.",3,,,,,,"Pomona College",121345
"3013","Medieval and Renaissance Studies.",3,,,,,,"Pomona College",121345
"3015","Science, Technology and Society.",3,,,,,,"Pomona College",121345
"3025","Cognitive Science.",3,,,,,,"Pomona College",121345
"3099","Multi/Interdisciplinary Studies, Other.",3,,,,,,"Pomona College",121345
"3801","Philosophy.",3,,,,,,"Pomona College",121345
"3802","Religion/Religious Studies.",3,,,,,,"Pomona College",121345
"4005","Chemistry.",3,,,,,,"Pomona College",121345
"4006","Geological and Earth Sciences/Geosciences.",3,,,,,,"Pomona College",121345
"4008","Physics.",3,,,,,,"Pomona College",121345
"4201","Psychology, General.",3,,,,,,"Pomona College",121345
"4227","Research and Experimental Psychology.",3,,,,,,"Pomona College",121345
"4405","Public Policy Analysis.",3,,,,,,"Pomona College",121345
"4502","Anthropology.",3,,,,,,"Pomona College",121345
"4506","Economics.",3,,, 96702,,    22,"Pomona College",121345
"4509","International Relations and National Security Studies.",3,,,,,,"Pomona College",121345
"4510","Political Science and Government.",3,,,,,,"Pomona College",121345
"4511","Sociology.",3,,,,,,"Pomona College",121345
"5003","Dance.",3,,,,,,"Pomona College",121345
"5005","Drama/Theatre Arts and Stagecraft.",3,,,,,,"Pomona College",121345
"5007","Fine and Studio Arts.",3,,,,,,"Pomona College",121345
"5009","Music.",3,,,,,,"Pomona College",121345
"5401","History.",3,,,,,,"Pomona College",121345
"5108","Allied Health and Medical Assisting Services.",3,,,,,,"Santa Ana College",121619
"0301","Natural Resources Conservation and Research.",3,, 57744, 57319,,    33,"University of Redlands",121691
"0302","Environmental/Natural Resources Management and Policy.",3,,,,,,"University of Redlands",121691
"0501","Area Studies.",3,,,,,,"University of Redlands",121691
"0502","Ethnic, Cultural Minority, Gender, and Group Studies.",3,,,,,,"University of Redlands",121691
"1101","Computer and Information Sciences, General.",3,,,,,,"University of Redlands",121691
"1311","Student Counseling and Personnel Services.",3,,,,,,"University of Redlands",121691
"1313","Teacher Education and Professional Development, Specific Subject Areas.",3,,,,,,"University of Redlands",121691
"1605","Germanic Languages, Literatures, and Linguistics.",3,,,,,,"University of Redlands",121691
"1609","Romance Languages, Literatures, and Linguistics.",3,,, 67126,,    20,"University of Redlands",121691
"2301","English Language and Literature, General.",3,,, 50810,,    25,"University of Redlands",121691
"2313","Rhetoric and Composition/Writing Studies.",3,,,,,    17,"University of Redlands",121691
"2401","Liberal Arts and Sciences, General Studies and Humanities.",3, 37657, 20532, 59234,    27,    45,"University of Redlands",121691
"2601","Biology, General.",3, 65256,, 66639,    21,    36,"University of Redlands",121691
"2602","Biochemistry, Biophysics and Molecular Biology.",3,,,,,,"University of Redlands",121691
"2701","Mathematics.",3,,,,,,"University of Redlands",121691
"3099","Multi/Interdisciplinary Studies, Other.",3,,, 53260,,,"University of Redlands",121691
"3801","Philosophy.",3,,,,,,"University of Redlands",121691
"3802","Religion/Religious Studies.",3,,,,,,"University of Redlands",121691
"4005","Chemistry.",3,,,,,,"University of Redlands",121691
"4008","Physics.",3,,,,,,"University of Redlands",121691
"4201","Psychology, General.",3, 38678, 52108, 55739,    33,    62,"University of Redlands",121691
"4405","Public Policy Analysis.",3,,, 70080,,,"University of Redlands",121691
"4506","Economics.",3,,,,,,"University of Redlands",121691
"4509","International Relations and National Security Studies.",3,,,,,,"University of Redlands",121691
"4510","Political Science and Government.",3,,, 64353,,,"University of Redlands",121691
"4511","Sociology.",3, 47770,, 62516,    17,    26,"University of Redlands",121691
"5004","Design and Applied Arts.",3,,, 75374,,,"University of Redlands",121691
"5005","Drama/Theatre Arts and Stagecraft.",3,,,,,,"University of Redlands",121691
"5007","Fine and Studio Arts.",3,,,,,    28,"University of Redlands",121691
"5009","Music.",3,,, 59275,,,"University of Redlands",121691
"5010","Arts, Entertainment, and Media Management.",3,,,,,,"University of Redlands",121691
"5102","Communication Disorders Sciences and Services.",3, 54794, 63946, 71767,    17,    55,"University of Redlands",121691
"5201","Business/Commerce, General.",3, 63235, 93681, 85066,    75,   104,"University of Redlands",121691
"5202","Business Administration, Management and Operations.",3, 60341, 74707, 85278,    64,   137,"University of Redlands",121691
"5203","Accounting and Related Services.",3,,, 79833,,    28,"University of Redlands",121691
"5206","Business/Managerial Economics.",3,,,,,,"University of Redlands",121691
"5211","International Business.",3,,,,,,"University of Redlands",121691
"5212","Management Information Systems and Services.",3,,,,,,"University of Redlands",121691
"5401","History.",3,,,,,,"University of Redlands",121691
"4706","Vehicle Maintenance and Repair Technologies/Technicians.",3,,,,,,"Rio Hondo College",121886
"5138","Registered Nursing, Nursing Administration, Nursing Research and Clinical Nursing.",3,136236,133964,148193,   243,   460,"Samuel Merritt University",122296
"5107","Health and Medical Administrative Services.",3,,,,,,"San Diego Mesa College",122375
"0301","Natural Resources Conservation and Research.",3, 61737,, 58215,    18,    22,"San Diego State University",122409
"0501","Area Studies.",3,,,,,,"San Diego State University",122409
"0502","Ethnic, Cultural Minority, Gender, and Group Studies.",3,,, 55230,,    16,"San Diego State University",122409
"0901","Communication and Media Studies.",3, 47281, 55408, 61389,    99,   135,"San Diego State University",122409
"0904","Journalism.",3,,, 53997,,,"San Diego State University",122409
"0907","Radio, Television, and Digital Communication.",3, 37154,, 43485,    40,    57,"San Diego State University",122409
"0909","Public Relations, Advertising, and Applied Communication.",3, 61415, 65240, 67414,    34,    59,"San Diego State University",122409
"1101","Computer and Information Sciences, General.",3, 74341,, 86613,    36,    48,"San Diego State University",122409
"1104","Information Science/Studies.",3,,,,,,"San Diego State University",122409
"1107","Computer Science.",3, 88715,,100586,    39,    52,"San Diego State University",122409
"1312","Teacher Education and Professional Development, Specific Levels and Methods.",3, 40072,, 48471,    57,    76,"San Diego State University",122409
"1313","Teacher Education and Professional Development, Specific Subject Areas.",3,,,,,,"San Diego State University",122409
"1402","Aerospace, Aeronautical, and Astronautical/Space Engineering.",3, 90989,,100139,    17,    18,"San Diego State University",122409
"1405","Biomedical/Medical Engineering.",3,,,,,,"San Diego State University",122409
"1408","Civil Engineering.",3, 88857, 84852, 95865,    50,    70,"San Diego State University",122409
"1409","Computer Engineering.",3,,,116842,,,"San Diego State University",122409
"1410","Electrical, Electronics, and Communications Engineering.",3, 83283,,106416,    32,    39,"San Diego State University",122409
"1414","Environmental/Environmental Health Engineering.",3,,, 88417,,,"San Diego State University",122409
"1419","Mechanical Engineering.",3, 91667, 90061, 97825,    70,    93,"San Diego State University",122409
"1510","Construction Engineering Technology/Technician.",3,,,100564,,,"San Diego State University",122409
"1601","Linguistic, Comparative, and Related Language Studies and Services.",3,,, 42922,,,"San Diego State University",122409
"1603","East Asian Languages, Literatures, and Linguistics.",3,,,,,,"San Diego State University",122409
"1604","Slavic, Baltic and Albanian Languages, Literatures, and Linguistics.",3,,,,,,"San Diego State University",122409
"1605","Germanic Languages, Literatures, and Linguistics.",3,,,,,,"San Diego State University",122409
"1609","Romance Languages, Literatures, and Linguistics.",3, 37895,, 49167,    63,    62,"San Diego State University",122409
"1612","Classics and Classical Languages, Literatures, and Linguistics.",3,,,,,,"San Diego State University",122409
"2301","English Language and Literature, General.",3, 45414,, 49406,    36,    51,"San Diego State University",122409
"2313","Rhetoric and Composition/Writing Studies.",3,,,,,,"San Diego State University",122409
"2401","Liberal Arts and Sciences, General Studies and Humanities.",3, 47614, 51807, 58419,    59,    82,"San Diego State University",122409
"2601","Biology, General.",3, 55210, 57497, 68861,    63,    91,"San Diego State University",122409
"2605","Microbiological Sciences and Immunology.",3,,, 81122,,,"San Diego State University",122409
"2701","Mathematics.",3,,, 57999,,,"San Diego State University",122409
"2703","Applied Mathematics.",3,,, 69606,,,"San Diego State University",122409
"2705","Statistics.",3,,, 83076,,,"San Diego State University",122409
"3011","Gerontology.",3,,,,,,"San Diego State University",122409
"3019","Nutrition Sciences.",3,,, 55115,,,"San Diego State University",122409
"3020","International/Globalization Studies.",3,,,,,,"San Diego State University",122409
"3047","Linguistics and Anthropology.",3,,,,,,"San Diego State University",122409
"3099","Multi/Interdisciplinary Studies, Other.",3, 41291,, 55072,    29,    35,"San Diego State University",122409
"3101","Parks, Recreation, and Leisure Studies.",3,,, 57093,,    23,"San Diego State University",122409
"3105","Sports, Kinesiology, and Physical Education/Fitness.",3, 43197, 51789, 59914,    63,   115,"San Diego State University",122409
"3801","Philosophy.",3,,, 53390,,,"San Diego State University",122409
"3802","Religion/Religious Studies.",3,,,,,,"San Diego State University",122409
"4001","Physical Sciences, General.",3,,,,,,"San Diego State University",122409
"4002","Astronomy and Astrophysics.",3,,,,,,"San Diego State University",122409
"4005","Chemistry.",3,,, 74676,,    17,"San Diego State University",122409
"4006","Geological and Earth Sciences/Geosciences.",3,,, 73647,,,"San Diego State University",122409
"4008","Physics.",3,,,,,,"San Diego State University",122409
"4201","Psychology, General.",3, 37976, 34891, 51021,   209,   258,"San Diego State University",122409
"4301","Criminal Justice and Corrections.",3, 46669, 60571, 57510,   156,   193,"San Diego State University",122409
"4404","Public Administration.",3, 46944,, 57264,    55,    73,"San Diego State University",122409
"4407","Social Work.",3, 42840,, 56674,    55,    65,"San Diego State University",122409
"4501","Social Sciences, General.",3, 39024,, 52095,    22,    32,"San Diego State University",122409
"4502","Anthropology.",3, 38291,, 53991,    20,,"San Diego State University",122409
"4506","Economics.",3, 58247, 67331, 74123,    63,    83,"San Diego State University",122409
"4507","Geography and Cartography.",3,,, 58004,,,"San Diego State University",122409
"4509","International Relations and National Security Studies.",3, 49466,, 59733,    24,    29,"San Diego State University",122409
"4510","Political Science and Government.",3, 55171,, 64824,    47,    63,"San Diego State University",122409
"4511","Sociology.",3, 41624,, 53387,    74,    88,"San Diego State University",122409
"4512","Urban Studies/Affairs.",3,,,,,,"San Diego State University",122409
"5003","Dance.",3,,,,,,"San Diego State University",122409
"5004","Design and Applied Arts.",3, 43842, 56740, 54569,    33,    57,"San Diego State University",122409
"5005","Drama/Theatre Arts and Stagecraft.",3,,, 41812,,    25,"San Diego State University",122409
"5007","Fine and Studio Arts.",3, 24265,, 35416,    19,    21,"San Diego State University",122409
"5009","Music.",3,,, 42090,,    17,"San Diego State University",122409
"5100","Health Services/Allied Health/Health Sciences, General.",3, 53375,, 73095,    46,    70,"San Diego State University",122409
"5102","Communication Disorders Sciences and Services.",3, 56121,, 61510,    23,    40,"San Diego State University",122409
"5109","Allied Health Diagnostic, Intervention, and Treatment Professions.",3,,, 53621,,,"San Diego State University",122409
"5122","Public Health.",3,,, 60904,,,"San Diego State University",122409
"5131","Dietetics and Clinical Nutrition Services.",3, 45298,, 66649,    51,    60,"San Diego State University",122409
"5138","Registered Nursing, Nursing Administration, Nursing Research and Clinical Nursing.",3, 94735,109699,120799,    80,   114,"San Diego State University",122409
"5202","Business Administration, Management and Operations.",3, 63883, 74577, 69902,   103,   149,"San Diego State University",122409
"5203","Accounting and Related Services.",3, 78050, 85566, 80011,    78,   102,"San Diego State University",122409
"5208","Finance and Financial Management Services.",3, 60994, 66258, 88136,    71,   102,"San Diego State University",122409
"5209","Hospitality Administration/Management.",3, 34512,, 70113,    16,    25,"San Diego State University",122409
"5211","International Business.",3, 66268,, 69141,    36,    37,"San Diego State University",122409
"5214","Marketing.",3, 65538, 72343, 81368,    84,   135,"San Diego State University",122409
"5215","Real Estate.",3,,, 50662,,,"San Diego State University",122409
"5401","History.",3,,, 57861,,    19,"San Diego State University",122409
"0301","Natural Resources Conservation and Research.",3,,, 58517,,    21,"University of San Diego",122436
"0408","Architectural History, Criticism, and Conservation.",3,,,,,,"University of San Diego",122436
"0501","Area Studies.",3,,,,,,"University of San Diego",122436
"0502","Ethnic, Cultural Minority, Gender, and Group Studies.",3,,,,,,"University of San Diego",122436
"0901","Communication and Media Studies.",3,, 63056, 68913,,    94,"University of San Diego",122436
"1107","Computer Science.",3,,,149847,,,"University of San Diego",122436
"1304","Educational Administration and Supervision.",3,,,,,,"University of San Diego",122436
"1312","Teacher Education and Professional Development, Specific Levels and Methods.",3,,,,,,"University of San Diego",122436
"1401","Engineering, General.",3,,,,,,"University of San Diego",122436
"1410","Electrical, Electronics, and Communications Engineering.",3,,,110314,,    22,"University of San Diego",122436
"1419","Mechanical Engineering.",3, 89823, 80154, 91848,    16,    37,"University of San Diego",122436
"1435","Industrial Engineering.",3,,,,,,"University of San Diego",122436
"1609","Romance Languages, Literatures, and Linguistics.",3,,,,,    24,"University of San Diego",122436
"2301","English Language and Literature, General.",3,,, 68752,,    28,"University of San Diego",122436
"2401","Liberal Arts and Sciences, General Studies and Humanities.",3,,, 54474,,,"University of San Diego",122436
"2601","Biology, General.",3, 42243, 70073, 59950,    17,    42,"University of San Diego",122436
"2602","Biochemistry, Biophysics and Molecular Biology.",3,,, 83380,,    24,"University of San Diego",122436
"2613","Ecology, Evolution, Systematics, and Population Biology.",3,,,,,,"University of San Diego",122436
"2615","Neurobiology and Neurosciences.",3, 67943,, 72910,    16,    32,"University of San Diego",122436
"2701","Mathematics.",3,,,,,,"University of San Diego",122436
"3071","Data Analytics.",3,,,,,,"University of San Diego",122436
"3801","Philosophy.",3,,,,,,"University of San Diego",122436
"3802","Religion/Religious Studies.",3,,,,,,"University of San Diego",122436
"4005","Chemistry.",3,,,,,,"University of San Diego",122436
"4008","Physics.",3,,,,,,"University of San Diego",122436
"4201","Psychology, General.",3, 49779, 65485, 74178,    29,    49,"University of San Diego",122436
"4228","Clinical, Counseling and Applied Psychology.",3,,,,,,"University of San Diego",122436
"4502","Anthropology.",3,,,,,,"University of San Diego",122436
"4506","Economics.",3,,,,,    17,"University of San Diego",122436
"4509","International Relations and National Security Studies.",3, 47183,, 61509,    17,    28,"University of San Diego",122436
"4510","Political Science and Government.",3, 61843,, 62301,    23,    45,"University of San Diego",122436
"4511","Sociology.",3, 50982,, 54338,    18,    32,"University of San Diego",122436
"5005","Drama/Theatre Arts and Stagecraft.",3,,,,,,"University of San Diego",122436
"5007","Fine and Studio Arts.",3,,,,,,"University of San Diego",122436
"5009","Music.",3,,,,,,"University of San Diego",122436
"5202","Business Administration, Management and Operations.",3, 69794, 70509, 79678,    32,    96,"University of San Diego",122436
"5203","Accounting and Related Services.",3, 92436, 87402,109142,    46,   108,"University of San Diego",122436
"5206","Business/Managerial Economics.",3,,,,,,"University of San Diego",122436
"5208","Finance and Financial Management Services.",3, 93085, 84008, 93099,    55,   123,"University of San Diego",122436
"5211","International Business.",3, 69864, 78608, 85285,    17,    35,"University of San Diego",122436
"5214","Marketing.",3, 73810, 69602, 83562,    31,    80,"University of San Diego",122436
"5215","Real Estate.",3,,, 78044,,,"University of San Diego",122436
"5401","History.",3,,,,,,"University of San Diego",122436
"5009","Music.",3, 21429,, 49186,    19,    25,"San Francisco Conservatory of Music",122506
"0301","Natural Resources Conservation and Research.",3, 57408,, 62116,    24,    30,"San Francisco State University",122597
"0501","Area Studies.",3,,,,,,"San Francisco State University",122597
"0502","Ethnic, Cultural Minority, Gender, and Group Studies.",3, 47109, 69129, 59990,    75,    95,"San Francisco State University",122597
"0901","Communication and Media Studies.",3, 57087, 62071, 63731,   157,   209,"San Francisco State University",122597
"0904","Journalism.",3, 55293,, 57260,    43,    54,"San Francisco State University",122597
"0907","Radio, Television, and Digital Communication.",3, 44875, 61852, 58550,   145,   199,"San Francisco State University",122597
"1101","Computer and Information Sciences, General.",3, 77154,, 86425,    66,    72,"San Francisco State University",122597
"1107","Computer Science.",3,103908,,105166,    78,    88,"San Francisco State University",122597
"1310","Special Education and Teaching.",3,,,,,,"San Francisco State University",122597
"1312","Teacher Education and Professional Development, Specific Levels and Methods.",3, 49078,, 59993,   109,   131,"San Francisco State University",122597
"1313","Teacher Education and Professional Development, Specific Subject Areas.",3, 55008,,,    23,    31,"San Francisco State University",122597
"1408","Civil Engineering.",3, 85142,, 90894,    46,    55,"San Francisco State University",122597
"1409","Computer Engineering.",3, 93146,, 94129,    16,    17,"San Francisco State University",122597
"1410","Electrical, Electronics, and Communications Engineering.",3, 87792,,112454,    22,    27,"San Francisco State University",122597
"1419","Mechanical Engineering.",3, 81520,,102104,    37,    42,"San Francisco State University",122597
"1506","Industrial Production Technologies/Technicians.",3,,,,,,"San Francisco State University",122597
"1601","Linguistic, Comparative, and Related Language Studies and Services.",3, 42026,, 48959,    16,,"San Francisco State University",122597
"1603","East Asian Languages, Literatures, and Linguistics.",3, 40759,, 61603,    29,    32,"San Francisco State University",122597
"1605","Germanic Languages, Literatures, and Linguistics.",3,,,,,,"San Francisco State University",122597
"1609","Romance Languages, Literatures, and Linguistics.",3, 42835,, 62623,    26,,"San Francisco State University",122597
"1612","Classics and Classical Languages, Literatures, and Linguistics.",3,,,,,,"San Francisco State University",122597
"1901","Family and Consumer Sciences/Human Sciences, General.",3, 47658,, 58530,    29,    39,"San Francisco State University",122597
"1909","Apparel and Textiles.",3, 55830,, 53575,    53,    65,"San Francisco State University",122597
"2301","English Language and Literature, General.",3, 53114,, 56297,    31,    54,"San Francisco State University",122597
"2313","Rhetoric and Composition/Writing Studies.",3, 39557,, 59032,    52,    67,"San Francisco State University",122597
"2401","Liberal Arts and Sciences, General Studies and Humanities.",3, 48867, 49655, 58617,    91,   129,"San Francisco State University",122597
"2601","Biology, General.",3, 59445,, 74204,    35,    50,"San Francisco State University",122597
"2602","Biochemistry, Biophysics and Molecular Biology.",3, 66473,, 76134,    43,    53,"San Francisco State University",122597
"2603","Botany/Plant Biology.",3,,,,,,"San Francisco State University",122597
"2604","Cell/Cellular Biology and Anatomical Sciences.",3, 62357,, 74482,    37,    47,"San Francisco State University",122597
"2605","Microbiological Sciences and Immunology.",3, 75291,, 85037,    25,    38,"San Francisco State University",122597
"2607","Zoology/Animal Biology.",3, 47786,, 45722,    26,    28,"San Francisco State University",122597
"2609","Physiology, Pathology and Related Sciences.",3, 61463,, 68440,    61,    88,"San Francisco State University",122597
"2613","Ecology, Evolution, Systematics, and Population Biology.",3,,,,,,"San Francisco State University",122597
"2701","Mathematics.",3, 58596,, 71323,    19,    23,"San Francisco State University",122597
"2703","Applied Mathematics.",3,,,,,,"San Francisco State University",122597
"2705","Statistics.",3,,,,,,"San Francisco State University",122597
"3018","Natural Sciences.",3,,,,,,"San Francisco State University",122597
"3019","Nutrition Sciences.",3,,, 61895,,,"San Francisco State University",122597
"3099","Multi/Interdisciplinary Studies, Other.",3,,,,,,"San Francisco State University",122597
"3101","Parks, Recreation, and Leisure Studies.",3, 48317,, 55212,    43,    51,"San Francisco State University",122597
"3105","Sports, Kinesiology, and Physical Education/Fitness.",3, 51425, 49297, 59056,   131,   171,"San Francisco State University",122597
"3401","Health-Related Knowledge and Skills.",3,,,,,,"San Francisco State University",122597
"3801","Philosophy.",3, 50734,, 42993,    26,    39,"San Francisco State University",122597
"3802","Religion/Religious Studies.",3,,,,,,"San Francisco State University",122597
"3899","Philosophy and Religious Studies, Other.",3,,,,,,"San Francisco State University",122597
"4001","Physical Sciences, General.",3,,,,,,"San Francisco State University",122597
"4002","Astronomy and Astrophysics.",3,,,,,,"San Francisco State University",122597
"4005","Chemistry.",3,,,,,    21,"San Francisco State University",122597
"4006","Geological and Earth Sciences/Geosciences.",3,,,,,,"San Francisco State University",122597
"4008","Physics.",3,,,,,,"San Francisco State University",122597
"4201","Psychology, General.",3, 47557, 51414, 55902,   171,   231,"San Francisco State University",122597
"4301","Criminal Justice and Corrections.",3, 55011, 60148, 63764,   203,   232,"San Francisco State University",122597
"4407","Social Work.",3, 56941,, 68524,    22,    28,"San Francisco State University",122597
"4501","Social Sciences, General.",3,,,,,,"San Francisco State University",122597
"4502","Anthropology.",3, 50311,, 61300,    43,    55,"San Francisco State University",122597
"4506","Economics.",3, 76297,, 82697,    39,    50,"San Francisco State University",122597
"4507","Geography and Cartography.",3, 43003,, 63590,    21,    37,"San Francisco State University",122597
"4509","International Relations and National Security Studies.",3, 53805, 48263, 65775,    61,    78,"San Francisco State University",122597
"4510","Political Science and Government.",3, 61875, 59170, 61915,    79,   105,"San Francisco State University",122597
"4511","Sociology.",3, 50901, 58348, 62385,   115,   129,"San Francisco State University",122597
"4512","Urban Studies/Affairs.",3, 68739,, 70207,    27,    33,"San Francisco State University",122597
"5003","Dance.",3,,, 44627,,,"San Francisco State University",122597
"5004","Design and Applied Arts.",3, 57518, 61089, 59678,    67,    91,"San Francisco State University",122597
"5005","Drama/Theatre Arts and Stagecraft.",3, 26803,, 44848,    45,    50,"San Francisco State University",122597
"5006","Film/Video and Photographic Arts.",3, 38638, 41113, 47149,    96,   146,"San Francisco State University",122597
"5007","Fine and Studio Arts.",3, 30954,, 42868,    73,   100,"San Francisco State University",122597
"5009","Music.",3,,, 38639,,    17,"San Francisco State University",122597
"5100","Health Services/Allied Health/Health Sciences, General.",3, 52559, 60496, 65252,   114,   137,"San Francisco State University",122597
"5102","Communication Disorders Sciences and Services.",3, 44847,, 70532,    29,    51,"San Francisco State University",122597
"5110","Clinical/Medical Laboratory Science/Research and Allied Professions.",3,,,,,,"San Francisco State University",122597
"5111","Health/Medical Preparatory Programs.",3,,,,,,"San Francisco State University",122597
"5122","Public Health.",3,,,,,,"San Francisco State University",122597
"5131","Dietetics and Clinical Nutrition Services.",3, 49509, 57945,,    31,    48,"San Francisco State University",122597
"5138","Registered Nursing, Nursing Administration, Nursing Research and Clinical Nursing.",3,129921,139806,150102,   124,   196,"San Francisco State University",122597
"5202","Business Administration, Management and Operations.",3, 66868, 80020, 73775,   216,   271,"San Francisco State University",122597
"5203","Accounting and Related Services.",3, 71141,, 81587,   158,   175,"San Francisco State University",122597
"5208","Finance and Financial Management Services.",3, 67841, 67272, 78310,   164,   202,"San Francisco State University",122597
"5209","Hospitality Administration/Management.",3, 51709, 56758, 65510,   118,   129,"San Francisco State University",122597
"5210","Human Resources Management and Services.",3,,, 75207,,,"San Francisco State University",122597
"5211","International Business.",3, 58085,, 75824,    82,    92,"San Francisco State University",122597
"5213","Management Sciences and Quantitative Methods.",3,,,,,,"San Francisco State University",122597
"5214","Marketing.",3, 59556, 70427, 71691,   213,   259,"San Francisco State University",122597
"5401","History.",3, 52593,, 58717,    55,    75,"San Francisco State University",122597
"0301","Natural Resources Conservation and Research.",3, 58730,, 53369,    20,    23,"University of San Francisco",122612
"0402","Architecture.",3,,,,,    24,"University of San Francisco",122612
"0501","Area Studies.",3,,,,,,"University of San Francisco",122612
"0901","Communication and Media Studies.",3, 52795, 64072, 68592,    61,   119,"University of San Francisco",122612
"0909","Public Relations, Advertising, and Applied Communication.",3,,, 81285,,    27,"University of San Francisco",122612
"1101","Computer and Information Sciences, General.",3,,,,,,"University of San Francisco",122612
"1103","Data Processing.",3,,,,,,"University of San Francisco",122612
"1107","Computer Science.",3,,,150341,,    16,"University of San Francisco",122612
"1401","Engineering, General.",3,,,,,,"University of San Francisco",122612
"1601","Linguistic, Comparative, and Related Language Studies and Services.",3,,,,,,"University of San Francisco",122612
"1603","East Asian Languages, Literatures, and Linguistics.",3,,,,,,"University of San Francisco",122612
"1609","Romance Languages, Literatures, and Linguistics.",3,,,,,,"University of San Francisco",122612
"2301","English Language and Literature, General.",3, 60805,, 49684,    16,    26,"University of San Francisco",122612
"2401","Liberal Arts and Sciences, General Studies and Humanities.",3,,,,,,"University of San Francisco",122612
"2601","Biology, General.",3, 58317, 57641, 69440,    22,    54,"University of San Francisco",122612
"2701","Mathematics.",3,,,,,,"University of San Francisco",122612
"3071","Data Analytics.",3,,,,,,"University of San Francisco",122612
"3105","Sports, Kinesiology, and Physical Education/Fitness.",3, 58664, 60527,,    27,    52,"University of San Francisco",122612
"3801","Philosophy.",3,,,,,,"University of San Francisco",122612
"3906","Theological and Ministerial Studies.",3,,,,,,"University of San Francisco",122612
"4001","Physical Sciences, General.",3,,,,,,"University of San Francisco",122612
"4005","Chemistry.",3,,,,,,"University of San Francisco",122612
"4008","Physics.",3,,,,,,"University of San Francisco",122612
"4201","Psychology, General.",3, 48061, 60430, 65071,    51,    91,"University of San Francisco",122612
"4404","Public Administration.",3,,,,,,"University of San Francisco",122612
"4506","Economics.",3,,, 93712,,    17,"University of San Francisco",122612
"4509","International Relations and National Security Studies.",3, 52231, 51324, 59387,    26,    37,"University of San Francisco",122612
"4510","Political Science and Government.",3, 58385, 55908, 72263,    20,    44,"University of San Francisco",122612
"4511","Sociology.",3, 61430, 65193, 61883,    23,    45,"University of San Francisco",122612
"4512","Urban Studies/Affairs.",3,,,,,,"University of San Francisco",122612
"5001","Visual and Performing Arts, General.",3,,,,,,"University of San Francisco",122612
"5004","Design and Applied Arts.",3,,, 49788,,    16,"University of San Francisco",122612
"5007","Fine and Studio Arts.",3,,,,,    16,"University of San Francisco",122612
"5122","Public Health.",3,,,,,,"University of San Francisco",122612
"5138","Registered Nursing, Nursing Administration, Nursing Research and Clinical Nursing.",3,132392,123899,143356,   131,   202,"University of San Francisco",122612
"5202","Business Administration, Management and Operations.",3, 71675,103916,104390,    51,    89,"University of San Francisco",122612
"5203","Accounting and Related Services.",3, 91865, 94025, 95973,    44,    73,"University of San Francisco",122612
"5206","Business/Managerial Economics.",3,,,,,,"University of San Francisco",122612
"5207","Entrepreneurial and Small Business Operations.",3,,,,,    21,"University of San Francisco",122612
"5208","Finance and Financial Management Services.",3, 98836, 99481,103605,    41,    59,"University of San Francisco",122612
"5209","Hospitality Administration/Management.",3, 48562,, 77757,    17,    24,"University of San Francisco",122612
"5210","Human Resources Management and Services.",3,,,,,,"University of San Francisco",122612
"5211","International Business.",3, 69750,, 77060,    16,    23,"University of San Francisco",122612
"5214","Marketing.",3, 78644, 72763, 91815,    40,    75,"University of San Francisco",122612
"5401","History.",3,,,,,    17,"University of San Francisco",122612
"5106","Dental Support Services and Allied Professions.",3,,,,,,"San Joaquin Valley College-Visalia",122685
"5107","Health and Medical Administrative Services.",3,,,,,,"San Joaquin Valley College-Visalia",122685
"5109","Allied Health Diagnostic, Intervention, and Treatment Professions.",3,,, 92659,,,"San Joaquin Valley College-Visalia",122685
"5220","Construction Management.",3,,,,,,"San Joaquin Valley College-Visalia",122685
"0301","Natural Resources Conservation and Research.",3,,,,,,"William Jessup University",122728
"0907","Radio, Television, and Digital Communication.",3,,,,,,"William Jessup University",122728
"1107","Computer Science.",3,,,,,,"William Jessup University",122728
"1312","Teacher Education and Professional Development, Specific Levels and Methods.",3,,, 49540,,    23,"William Jessup University",122728
"2301","English Language and Literature, General.",3,,,,,,"William Jessup University",122728
"2601","Biology, General.",3,,,,,,"William Jessup University",122728
"2602","Biochemistry, Biophysics and Molecular Biology.",3,,,,,,"William Jessup University",122728
"2701","Mathematics.",3,,,,,,"William Jessup University",122728
"3099","Multi/Interdisciplinary Studies, Other.",3,,,,,,"William Jessup University",122728
"3105","Sports, Kinesiology, and Physical Education/Fitness.",3,,, 53692,,,"William Jessup University",122728
"3902","Bible/Biblical Studies.",3,,,,,,"William Jessup University",122728
"3903","Missions/Missionary Studies and Missiology.",3,,,,,,"William Jessup University",122728
"3906","Theological and Ministerial Studies.",3,,,,,,"William Jessup University",122728
"3907","Pastoral Counseling and Specialized Ministries.",3,,,,,,"William Jessup University",122728
"4201","Psychology, General.",3, 46446, 39257, 50354,    43,    72,"William Jessup University",122728
"4301","Criminal Justice and Corrections.",3,,,,,,"William Jessup University",122728
"4510","Political Science and Government.",3,,,,,,"William Jessup University",122728
"4901","Air Transportation.",3,,,,,,"William Jessup University",122728
"5001","Visual and Performing Arts, General.",3,,,,,,"William Jessup University",122728
"5005","Drama/Theatre Arts and Stagecraft.",3,,,,,,"William Jessup University",122728
"5007","Fine and Studio Arts.",3,,,,,,"William Jessup University",122728
"5009","Music.",3,,,,,,"William Jessup University",122728
"5107","Health and Medical Administrative Services.",3,,,,,,"William Jessup University",122728
"5138","Registered Nursing, Nursing Administration, Nursing Research and Clinical Nursing.",3,,,,,,"William Jessup University",122728
"5202","Business Administration, Management and Operations.",3, 53823, 47331, 65031,    47,    70,"William Jessup University",122728
"5203","Accounting and Related Services.",3,,,,,,"William Jessup University",122728
"5210","Human Resources Management and Services.",3,,,,,,"William Jessup University",122728
"5401","History.",3,,,,,,"William Jessup University",122728
"0301","Natural Resources Conservation and Research.",3, 75666,,,    19,    23,"San Jose State University",122755
"0502","Ethnic, Cultural Minority, Gender, and Group Studies.",3,,,,,,"San Jose State University",122755
"0901","Communication and Media Studies.",3, 60822, 60517,,    72,   101,"San Jose State University",122755
"0904","Journalism.",3,,,,,    20,"San Jose State University",122755
"0907","Radio, Television, and Digital Communication.",3, 37111,,,    31,    36,"San Jose State University",122755
"0909","Public Relations, Advertising, and Applied Communication.",3, 63959, 52686,,    47,    63,"San Jose State University",122755
"1104","Information Science/Studies.",3,,,,,,"San Jose State University",122755
"1107","Computer Science.",3,130638,,,    60,    69,"San Jose State University",122755
"1307","International and Comparative Education.",3,,,,,,"San Jose State University",122755
"1312","Teacher Education and Professional Development, Specific Levels and Methods.",3,,,,,,"San Jose State University",122755
"1401","Engineering, General.",3,,,,,,"San Jose State University",122755
"1402","Aerospace, Aeronautical, and Astronautical/Space Engineering.",3, 99112,,,    23,    24,"San Jose State University",122755
"1405","Biomedical/Medical Engineering.",3,,,,,,"San Jose State University",122755
"1407","Chemical Engineering.",3, 94322,,,    28,    25,"San Jose State University",122755
"1408","Civil Engineering.",3, 98668,,,    62,    69,"San Jose State University",122755
"1409","Computer Engineering.",3,130821,,,    38,    47,"San Jose State University",122755
"1410","Electrical, Electronics, and Communications Engineering.",3,125432,,,    45,    52,"San Jose State University",122755
"1418","Materials Engineering.",3,,,,,,"San Jose State University",122755
"1419","Mechanical Engineering.",3, 95203,,,    73,    89,"San Jose State University",122755
"1435","Industrial Engineering.",3,,,,,,"San Jose State University",122755
"1500","Engineering Technologies/Technicians, General.",3,,,,,,"San Jose State University",122755
"1506","Industrial Production Technologies/Technicians.",3,,,,,,"San Jose State University",122755
"1515","Engineering-Related Fields.",3,,,,,,"San Jose State University",122755
"1601","Linguistic, Comparative, and Related Language Studies and Services.",3,,,,,,"San Jose State University",122755
"1603","East Asian Languages, Literatures, and Linguistics.",3,,,,,,"San Jose State University",122755
"1605","Germanic Languages, Literatures, and Linguistics.",3,,,,,,"San Jose State University",122755
"1609","Romance Languages, Literatures, and Linguistics.",3,,,,,,"San Jose State University",122755
"1907","Human Development, Family Studies, and Related Services.",3, 44482, 44318,,    86,    99,"San Jose State University",122755
"2301","English Language and Literature, General.",3, 51426,,,    25,    38,"San Jose State University",122755
"2313","Rhetoric and Composition/Writing Studies.",3,,,,,,"San Jose State University",122755
"2401","Liberal Arts and Sciences, General Studies and Humanities.",3, 40711,,,    24,    37,"San Jose State University",122755
"2601","Biology, General.",3, 64728,,,    26,    32,"San Jose State University",122755
"2605","Microbiological Sciences and Immunology.",3,,,,,,"San Jose State University",122755
"2607","Zoology/Animal Biology.",3,,,,,,"San Jose State University",122755
"2613","Ecology, Evolution, Systematics, and Population Biology.",3,,,,,,"San Jose State University",122755
"2701","Mathematics.",3,,,,,,"San Jose State University",122755
"2703","Applied Mathematics.",3,,,,,,"San Jose State University",122755
"3017","Behavioral Sciences.",3,,,,,,"San Jose State University",122755
"3018","Natural Sciences.",3,,,,,,"San Jose State University",122755
"3019","Nutrition Sciences.",3,,,,,,"San Jose State University",122755
"3020","International/Globalization Studies.",3,,,,,,"San Jose State University",122755
"3099","Multi/Interdisciplinary Studies, Other.",3,,,,,,"San Jose State University",122755
"3101","Parks, Recreation, and Leisure Studies.",3,,,,,    22,"San Jose State University",122755
"3105","Sports, Kinesiology, and Physical Education/Fitness.",3, 57726,,,    34,    43,"San Jose State University",122755
"3801","Philosophy.",3,,,,,,"San Jose State University",122755
"3802","Religion/Religious Studies.",3,,,,,,"San Jose State University",122755
"4004","Atmospheric Sciences and Meteorology.",3,,,,,,"San Jose State University",122755
"4005","Chemistry.",3,,,,,,"San Jose State University",122755
"4006","Geological and Earth Sciences/Geosciences.",3,,,,,,"San Jose State University",122755
"4008","Physics.",3,,,,,,"San Jose State University",122755
"4201","Psychology, General.",3, 54729, 59398,,   142,   171,"San Jose State University",122755
"4299","Psychology, Other.",3, 54595,,,    26,    31,"San Jose State University",122755
"4301","Criminal Justice and Corrections.",3, 59428, 71739,,    69,    97,"San Jose State University",122755
"4304","Security Science and Technology.",3,,,,,,"San Jose State University",122755
"4407","Social Work.",3, 58104,,,    30,    34,"San Jose State University",122755
"4501","Social Sciences, General.",3,,,,,,"San Jose State University",122755
"4502","Anthropology.",3,,,,,,"San Jose State University",122755
"4506","Economics.",3, 69893,,,    28,,"San Jose State University",122755
"4507","Geography and Cartography.",3,,,,,,"San Jose State University",122755
"4509","International Relations and National Security Studies.",3,,,,,,"San Jose State University",122755
"4510","Political Science and Government.",3, 55345,,,    28,    36,"San Jose State University",122755
"4511","Sociology.",3, 60959,,,    80,    92,"San Jose State University",122755
"4901","Air Transportation.",3,,,,,    18,"San Jose State University",122755
"5001","Visual and Performing Arts, General.",3,,,,,,"San Jose State University",122755
"5003","Dance.",3,,,,,,"San Jose State University",122755
"5004","Design and Applied Arts.",3, 81905,,,    46,    56,"San Jose State University",122755
"5005","Drama/Theatre Arts and Stagecraft.",3,,,,,,"San Jose State University",122755
"5007","Fine and Studio Arts.",3, 40178, 51292,,   133,   152,"San Jose State University",122755
"5009","Music.",3,,,,,,"San Jose State University",122755
"5100","Health Services/Allied Health/Health Sciences, General.",3,,,,,,"San Jose State University",122755
"5102","Communication Disorders Sciences and Services.",3,,,,,    16,"San Jose State University",122755
"5109","Allied Health Diagnostic, Intervention, and Treatment Professions.",3,,,,,,"San Jose State University",122755
"5122","Public Health.",3,,,,,,"San Jose State University",122755
"5123","Rehabilitation and Therapeutic Professions.",3,,,,,,"San Jose State University",122755
"5131","Dietetics and Clinical Nutrition Services.",3, 58594,,,    38,    43,"San Jose State University",122755
"5138","Registered Nursing, Nursing Administration, Nursing Research and Clinical Nursing.",3,131527,124796,,    84,   107,"San Jose State University",122755
"5199","Health Professions and Related Clinical Sciences, Other.",3, 57883,,,    24,    36,"San Jose State University",122755
"5202","Business Administration, Management and Operations.",3, 66390, 94117,,   120,   155,"San Jose State University",122755
"5203","Accounting and Related Services.",3, 81994,,,   150,   168,"San Jose State University",122755
"5207","Entrepreneurial and Small Business Operations.",3,,,,,,"San Jose State University",122755
"5208","Finance and Financial Management Services.",3, 81428, 88835,,    92,   109,"San Jose State University",122755
"5209","Hospitality Administration/Management.",3, 44225, 75323,,    34,    51,"San Jose State University",122755
"5210","Human Resources Management and Services.",3, 88639,,,    34,    42,"San Jose State University",122755
"5212","Management Information Systems and Services.",3, 90188,,,    77,    90,"San Jose State University",122755
"5214","Marketing.",3, 73190, 70377,,    88,   110,"San Jose State University",122755
"5401","History.",3,,,,,    17,"San Jose State University",122755
"0301","Natural Resources Conservation and Research.",3,, 45949, 72889,,    23,"Santa Clara University",122931
"0502","Ethnic, Cultural Minority, Gender, and Group Studies.",3,,,,,,"Santa Clara University",122931
"0901","Communication and Media Studies.",3, 72021, 72439, 84206,    29,    73,"Santa Clara University",122931
"1108","Computer Software and Media Applications.",3,,,,,,"Santa Clara University",122931
"1401","Engineering, General.",3,,,,,,"Santa Clara University",122931
"1405","Biomedical/Medical Engineering.",3,,,114426,,    22,"Santa Clara University",122931
"1408","Civil Engineering.",3,,107893,105594,,    39,"Santa Clara University",122931
"1409","Computer Engineering.",3,164452,149806,163765,    18,    39,"Santa Clara University",122931
"1410","Electrical, Electronics, and Communications Engineering.",3,,,,,    16,"Santa Clara University",122931
"1412","Engineering Physics.",3,,,,,,"Santa Clara University",122931
"1419","Mechanical Engineering.",3,,105360,122111,,    37,"Santa Clara University",122931
"1605","Germanic Languages, Literatures, and Linguistics.",3,,,,,,"Santa Clara University",122931
"1609","Romance Languages, Literatures, and Linguistics.",3,,,,,,"Santa Clara University",122931
"1612","Classics and Classical Languages, Literatures, and Linguistics.",3,,,,,,"Santa Clara University",122931
"1907","Human Development, Family Studies, and Related Services.",3,,,,,,"Santa Clara University",122931
"2301","English Language and Literature, General.",3,, 63413,,,    32,"Santa Clara University",122931
"2401","Liberal Arts and Sciences, General Studies and Humanities.",3,,,,,,"Santa Clara University",122931
"2601","Biology, General.",3,,,,,    41,"Santa Clara University",122931
"2602","Biochemistry, Biophysics and Molecular Biology.",3,,,,,,"Santa Clara University",122931
"2615","Neurobiology and Neurosciences.",3,,,,,,"Santa Clara University",122931
"2701","Mathematics.",3,,,,,    17,"Santa Clara University",122931
"3008","Mathematics and Computer Science.",3,,,147013,,,"Santa Clara University",122931
"3018","Natural Sciences.",3,,,,,,"Santa Clara University",122931
"3022","Classical and Ancient Studies.",3,,,,,,"Santa Clara University",122931
"3801","Philosophy.",3,,,,,,"Santa Clara University",122931
"3802","Religion/Religious Studies.",3,,,,,,"Santa Clara University",122931
"4005","Chemistry.",3,,,,,,"Santa Clara University",122931
"4008","Physics.",3,,,,,,"Santa Clara University",122931
"4201","Psychology, General.",3, 57419, 59394, 75742,    21,    59,"Santa Clara University",122931
"4502","Anthropology.",3,,,,,,"Santa Clara University",122931
"4506","Economics.",3, 98721,104293,121307,    26,    52,"Santa Clara University",122931
"4510","Political Science and Government.",3,, 70225, 93518,,    61,"Santa Clara University",122931
"4511","Sociology.",3,,,,,    19,"Santa Clara University",122931
"5005","Drama/Theatre Arts and Stagecraft.",3,,,,,    16,"Santa Clara University",122931
"5007","Fine and Studio Arts.",3,,,,,,"Santa Clara University",122931
"5009","Music.",3,,,,,,"Santa Clara University",122931
"5122","Public Health.",3,,,,,    20,"Santa Clara University",122931
"5201","Business/Commerce, General.",3,,,,,,"Santa Clara University",122931
"5203","Accounting and Related Services.",3,102445,102080,130087,    33,    83,"Santa Clara University",122931
"5206","Business/Managerial Economics.",3,,,,,,"Santa Clara University",122931
"5208","Finance and Financial Management Services.",3, 91662,111626,118737,    36,    95,"Santa Clara University",122931
"5210","Human Resources Management and Services.",3,,, 75430,,,"Santa Clara University",122931
"5212","Management Information Systems and Services.",3,,,153926,,,"Santa Clara University",122931
"5214","Marketing.",3, 80639, 79114,104723,    23,    68,"Santa Clara University",122931
"5401","History.",3,,,,,,"Santa Clara University",122931
"5099","Visual and Performing Arts, Other.",3,,,,,,"Santa Monica College",122977
"0301","Natural Resources Conservation and Research.",3,,,,,,"Scripps College",123165
"0501","Area Studies.",3,,,,,,"Scripps College",123165
"0502","Ethnic, Cultural Minority, Gender, and Group Studies.",3,,,,,,"Scripps College",123165
"0901","Communication and Media Studies.",3,,,,,,"Scripps College",123165
"1107","Computer Science.",3,,,,,,"Scripps College",123165
"1401","Engineering, General.",3,,,,,,"Scripps College",123165
"1601","Linguistic, Comparative, and Related Language Studies and Services.",3,,,,,,"Scripps College",123165
"1603","East Asian Languages, Literatures, and Linguistics.",3,,,,,,"Scripps College",123165
"1604","Slavic, Baltic and Albanian Languages, Literatures, and Linguistics.",3,,,,,,"Scripps College",123165
"1609","Romance Languages, Literatures, and Linguistics.",3,,,,,,"Scripps College",123165
"1612","Classics and Classical Languages, Literatures, and Linguistics.",3,,,,,,"Scripps College",123165
"2200","Non-Professional Legal Studies.",3,,,,,,"Scripps College",123165
"2301","English Language and Literature, General.",3,,,,,,"Scripps College",123165
"2313","Rhetoric and Composition/Writing Studies.",3,,,,,,"Scripps College",123165
"2401","Liberal Arts and Sciences, General Studies and Humanities.",3,,,,,,"Scripps College",123165
"2601","Biology, General.",3,,,,,,"Scripps College",123165
"2602","Biochemistry, Biophysics and Molecular Biology.",3,,,,,,"Scripps College",123165
"2611","Biomathematics, Bioinformatics, and Computational Biology.",3,,,,,,"Scripps College",123165
"2615","Neurobiology and Neurosciences.",3,,,,,,"Scripps College",123165
"2699","Biological and Biomedical Sciences, Other.",3,,,,,,"Scripps College",123165
"2701","Mathematics.",3,,,,,,"Scripps College",123165
"3006","Systems Science and Theory.",3,,,,,,"Scripps College",123165
"3008","Mathematics and Computer Science.",3,,,,,,"Scripps College",123165
"3015","Science, Technology and Society.",3,,,,,,"Scripps College",123165
"3025","Cognitive Science.",3,,,,,,"Scripps College",123165
"3027","Human Biology.",3,,,,,,"Scripps College",123165
"3099","Multi/Interdisciplinary Studies, Other.",3,,,,,,"Scripps College",123165
"3801","Philosophy.",3,,,,,,"Scripps College",123165
"3802","Religion/Religious Studies.",3,,,,,,"Scripps College",123165
"4005","Chemistry.",3,,,,,,"Scripps College",123165
"4006","Geological and Earth Sciences/Geosciences.",3,,,,,,"Scripps College",123165
"4008","Physics.",3,,,,,,"Scripps College",123165
"4201","Psychology, General.",3,,,,,,"Scripps College",123165
"4227","Research and Experimental Psychology.",3,,,,,,"Scripps College",123165
"4405","Public Policy Analysis.",3,,,,,,"Scripps College",123165
"4502","Anthropology.",3,,,,,,"Scripps College",123165
"4506","Economics.",3,,,,,,"Scripps College",123165
"4510","Political Science and Government.",3,,,,,,"Scripps College",123165
"4511","Sociology.",3,,,,,,"Scripps College",123165
"5003","Dance.",3,,,,,,"Scripps College",123165
"5005","Drama/Theatre Arts and Stagecraft.",3,,,,,,"Scripps College",123165
"5007","Fine and Studio Arts.",3,,,,,,"Scripps College",123165
"5009","Music.",3,,,,,,"Scripps College",123165
"5203","Accounting and Related Services.",3,,,,,,"Scripps College",123165
"5210","Human Resources Management and Services.",3,,,,,,"Scripps College",123165
"5401","History.",3,,,,,,"Scripps College",123165
"1301","Education, General.",3,,,,,,"Shasta Bible College and Graduate School",123280
"3902","Bible/Biblical Studies.",3,,,,,,"Shasta Bible College and Graduate School",123280
"5107","Health and Medical Administrative Services.",3,,,,,,"Shasta College",123299
"0901","Communication and Media Studies.",3,,,,,    19,"Simpson University",123457
"1313","Teacher Education and Professional Development, Specific Subject Areas.",3,,,,,,"Simpson University",123457
"1401","Engineering, General.",3,,,,,,"Simpson University",123457
"1609","Romance Languages, Literatures, and Linguistics.",3,,,,,,"Simpson University",123457
"2301","English Language and Literature, General.",3,,,,,,"Simpson University",123457
"2401","Liberal Arts and Sciences, General Studies and Humanities.",3, 37187,, 52311,    31,,"Simpson University",123457
"2601","Biology, General.",3,,,,,,"Simpson University",123457
"2612","Biotechnology.",3,,,,,,"Simpson University",123457
"2701","Mathematics.",3,,,,,,"Simpson University",123457
"3101","Parks, Recreation, and Leisure Studies.",3,,,,,,"Simpson University",123457
"3105","Sports, Kinesiology, and Physical Education/Fitness.",3,,,,,,"Simpson University",123457
"3802","Religion/Religious Studies.",3,,,,,,"Simpson University",123457
"3902","Bible/Biblical Studies.",3,,,,,,"Simpson University",123457
"3903","Missions/Missionary Studies and Missiology.",3,,,,,,"Simpson University",123457
"3906","Theological and Ministerial Studies.",3,,,,,,"Simpson University",123457
"3907","Pastoral Counseling and Specialized Ministries.",3,,,,,,"Simpson University",123457
"3999","Theology and Religious Vocations, Other.",3,,,,,,"Simpson University",123457
"4201","Psychology, General.",3, 40233,, 56902,    76,   100,"Simpson University",123457
"4228","Clinical, Counseling and Applied Psychology.",3,,,,,,"Simpson University",123457
"4407","Social Work.",3,,,,,,"Simpson University",123457
"4501","Social Sciences, General.",3,,,,,,"Simpson University",123457
"4510","Political Science and Government.",3,,,,,,"Simpson University",123457
"5009","Music.",3,,,,,,"Simpson University",123457
"5107","Health and Medical Administrative Services.",3,,,,,,"Simpson University",123457
"5138","Registered Nursing, Nursing Administration, Nursing Research and Clinical Nursing.",3,110305, 94243,113623,    59,    75,"Simpson University",123457
"5202","Business Administration, Management and Operations.",3,,, 58478,,    44,"Simpson University",123457
"5203","Accounting and Related Services.",3,,,,,,"Simpson University",123457
"5210","Human Resources Management and Services.",3, 49662,, 65797,    55,    60,"Simpson University",123457
"5212","Management Information Systems and Services.",3,,,,,,"Simpson University",123457
"5401","History.",3,,,,,,"Simpson University",123457
"5109","Allied Health Diagnostic, Intervention, and Treatment Professions.",3,,,,,,"Skyline College",123509
"0301","Natural Resources Conservation and Research.",3,,,,,,"Saint Mary's College of California",123554
"0501","Area Studies.",3,,,,,,"Saint Mary's College of California",123554
"0502","Ethnic, Cultural Minority, Gender, and Group Studies.",3,,,,,,"Saint Mary's College of California",123554
"0901","Communication and Media Studies.",3, 52150, 71274, 64456,    26,    66,"Saint Mary's College of California",123554
"0999","Communication, Journalism, and Related Programs, Other.",3,,,,,,"Saint Mary's College of California",123554
"1107","Computer Science.",3,,,,,,"Saint Mary's College of California",123554
"1312","Teacher Education and Professional Development, Specific Levels and Methods.",3,,,,,,"Saint Mary's College of California",123554
"1401","Engineering, General.",3,,,,,,"Saint Mary's College of California",123554
"1609","Romance Languages, Literatures, and Linguistics.",3,,,,,,"Saint Mary's College of California",123554
"1612","Classics and Classical Languages, Literatures, and Linguistics.",3,,,,,,"Saint Mary's College of California",123554
"1699","Foreign Languages, Literatures, and Linguistics, Other.",3,,,,,,"Saint Mary's College of California",123554
"2301","English Language and Literature, General.",3,,, 57651,,    23,"Saint Mary's College of California",123554
"2399","English Language and Literature/Letters, Other.",3,,,,,,"Saint Mary's College of California",123554
"2401","Liberal Arts and Sciences, General Studies and Humanities.",3, 52593, 57579, 68501,    19,    40,"Saint Mary's College of California",123554
"2601","Biology, General.",3,, 49312,,,    28,"Saint Mary's College of California",123554
"2602","Biochemistry, Biophysics and Molecular Biology.",3,,,,,,"Saint Mary's College of California",123554
"2699","Biological and Biomedical Sciences, Other.",3,,,,,,"Saint Mary's College of California",123554
"2701","Mathematics.",3,,,,,,"Saint Mary's College of California",123554
"2703","Applied Mathematics.",3,,,,,,"Saint Mary's College of California",123554
"2799","Mathematics and Statistics, Other.",3,,,,,,"Saint Mary's College of California",123554
"3008","Mathematics and Computer Science.",3,,,,,,"Saint Mary's College of California",123554
"3010","Biopsychology.",3,,,,,,"Saint Mary's College of California",123554
"3020","International/Globalization Studies.",3,,,,,,"Saint Mary's College of California",123554
"3070","Data Science.",3,,,,,,"Saint Mary's College of California",123554
"3105","Sports, Kinesiology, and Physical Education/Fitness.",3,, 46395, 66265,,    35,"Saint Mary's College of California",123554
"3801","Philosophy.",3,,,,,,"Saint Mary's College of California",123554
"3802","Religion/Religious Studies.",3,,,,,,"Saint Mary's College of California",123554
"4005","Chemistry.",3,,,,,,"Saint Mary's College of California",123554
"4008","Physics.",3,,,,,,"Saint Mary's College of California",123554
"4201","Psychology, General.",3,,, 70123,,    30,"Saint Mary's College of California",123554
"4227","Research and Experimental Psychology.",3,,,,,,"Saint Mary's College of California",123554
"4228","Clinical, Counseling and Applied Psychology.",3,,,,,,"Saint Mary's College of California",123554
"4299","Psychology, Other.",3,,,,,    21,"Saint Mary's College of California",123554
"4501","Social Sciences, General.",3,,,,,,"Saint Mary's College of California",123554
"4502","Anthropology.",3,,,,,,"Saint Mary's College of California",123554
"4503","Archeology.",3,,,,,,"Saint Mary's College of California",123554
"4506","Economics.",3,,,,,    19,"Saint Mary's College of California",123554
"4509","International Relations and National Security Studies.",3,,,,,,"Saint Mary's College of California",123554
"4510","Political Science and Government.",3,,, 62651,,    17,"Saint Mary's College of California",123554
"4511","Sociology.",3,,,,,    17,"Saint Mary's College of California",123554
"5003","Dance.",3,,,,,,"Saint Mary's College of California",123554
"5005","Drama/Theatre Arts and Stagecraft.",3,,,,,,"Saint Mary's College of California",123554
"5007","Fine and Studio Arts.",3,,,,,,"Saint Mary's College of California",123554
"5009","Music.",3,,,,,,"Saint Mary's College of California",123554
"5010","Arts, Entertainment, and Media Management.",3,,,,,,"Saint Mary's College of California",123554
"5099","Visual and Performing Arts, Other.",3,,,,,,"Saint Mary's College of California",123554
"5100","Health Services/Allied Health/Health Sciences, General.",3,,,,,,"Saint Mary's College of California",123554
"5107","Health and Medical Administrative Services.",3,,,,,,"Saint Mary's College of California",123554
"5111","Health/Medical Preparatory Programs.",3,,,,,,"Saint Mary's College of California",123554
"5199","Health Professions and Related Clinical Sciences, Other.",3,,,,,    21,"Saint Mary's College of California",123554
"5201","Business/Commerce, General.",3, 84865, 83963, 80262,    77,   160,"Saint Mary's College of California",123554
"5202","Business Administration, Management and Operations.",3,,,,,,"Saint Mary's College of California",123554
"5203","Accounting and Related Services.",3, 91136, 92226,107570,    18,    40,"Saint Mary's College of California",123554
"5207","Entrepreneurial and Small Business Operations.",3,,,,,,"Saint Mary's College of California",123554
"5208","Finance and Financial Management Services.",3,,,,,,"Saint Mary's College of California",123554
"5211","International Business.",3,,,,,,"Saint Mary's College of California",123554
"5401","History.",3,,,,,,"Saint Mary's College of California",123554
"1504","Electromechanical Technologies/Technicians.",3,,,,,,"Solano Community College",123563
"0301","Natural Resources Conservation and Research.",3, 45476, 56918, 69077,    40,    59,"Sonoma State University",123572
"0502","Ethnic, Cultural Minority, Gender, and Group Studies.",3, 46924,, 64116,    27,    32,"Sonoma State University",123572
"0901","Communication and Media Studies.",3, 49255, 55108, 68833,    35,    66,"Sonoma State University",123572
"1107","Computer Science.",3,127516,,106181,    24,    35,"Sonoma State University",123572
"1399","Education, Other.",3, 33137, 39804, 52842,    29,    49,"Sonoma State University",123572
"1410","Electrical, Electronics, and Communications Engineering.",3,,,112757,,,"Sonoma State University",123572
"1609","Romance Languages, Literatures, and Linguistics.",3, 49536,, 53489,    16,    23,"Sonoma State University",123572
"1907","Human Development, Family Studies, and Related Services.",3, 50266,, 52672,    40,    56,"Sonoma State University",123572
"2301","English Language and Literature, General.",3, 49238, 50018, 59418,    22,    53,"Sonoma State University",123572
"2401","Liberal Arts and Sciences, General Studies and Humanities.",3, 49530, 52298, 59444,    76,   117,"Sonoma State University",123572
"2601","Biology, General.",3, 60828, 53221, 56345,    35,    62,"Sonoma State University",123572
"2602","Biochemistry, Biophysics and Molecular Biology.",3,,,,,,"Sonoma State University",123572
"2701","Mathematics.",3,,, 64913,,    20,"Sonoma State University",123572
"2705","Statistics.",3,,,,,,"Sonoma State University",123572
"3020","International/Globalization Studies.",3,,,,,,"Sonoma State University",123572
"3099","Multi/Interdisciplinary Studies, Other.",3,,,,,,"Sonoma State University",123572
"3105","Sports, Kinesiology, and Physical Education/Fitness.",3, 51954, 46116, 67351,    22,    42,"Sonoma State University",123572
"3801","Philosophy.",3,,,,,,"Sonoma State University",123572
"4001","Physical Sciences, General.",3,,,,,,"Sonoma State University",123572
"4005","Chemistry.",3,,,,,,"Sonoma State University",123572
"4006","Geological and Earth Sciences/Geosciences.",3,,,,,,"Sonoma State University",123572
"4008","Physics.",3,,,,,,"Sonoma State University",123572
"4201","Psychology, General.",3, 41484, 42392, 57335,    86,   140,"Sonoma State University",123572
"4301","Criminal Justice and Corrections.",3, 58580, 55845, 66892,    42,    76,"Sonoma State University",123572
"4502","Anthropology.",3, 36595,, 62674,    19,,"Sonoma State University",123572
"4506","Economics.",3, 71270,, 83668,    21,    27,"Sonoma State University",123572
"4507","Geography and Cartography.",3,,,,,,"Sonoma State University",123572
"4509","International Relations and National Security Studies.",3,,,,,,"Sonoma State University",123572
"4510","Political Science and Government.",3,,, 65009,,,"Sonoma State University",123572
"4511","Sociology.",3, 56279, 52300, 56581,    73,   136,"Sonoma State University",123572
"5003","Dance.",3,,,,,,"Sonoma State University",123572
"5005","Drama/Theatre Arts and Stagecraft.",3,,,,,    17,"Sonoma State University",123572
"5007","Fine and Studio Arts.",3,,, 46022,,    28,"Sonoma State University",123572
"5009","Music.",3,,, 65533,,,"Sonoma State University",123572
"5138","Registered Nursing, Nursing Administration, Nursing Research and Clinical Nursing.",3,116513,133480,143886,    42,    77,"Sonoma State University",123572
"5202","Business Administration, Management and Operations.",3, 68688, 72489, 75887,   210,   327,"Sonoma State University",123572
"5401","History.",3, 45350,, 56819,    29,    45,"Sonoma State University",123572
"0901","Communication and Media Studies.",3,,,,,    33,"Vanguard University of Southern California",123651
"0907","Radio, Television, and Digital Communication.",3,,,,,    25,"Vanguard University of Southern California",123651
"1101","Computer and Information Sciences, General.",3,,,,,,"Vanguard University of Southern California",123651
"1301","Education, General.",3,,,,,    22,"Vanguard University of Southern California",123651
"1312","Teacher Education and Professional Development, Specific Levels and Methods.",3,,,,,,"Vanguard University of Southern California",123651
"1313","Teacher Education and Professional Development, Specific Subject Areas.",3,,,,,,"Vanguard University of Southern California",123651
"2301","English Language and Literature, General.",3,,,,,,"Vanguard University of Southern California",123651
"2601","Biology, General.",3,,,,,,"Vanguard University of Southern California",123651
"2602","Biochemistry, Biophysics and Molecular Biology.",3,,,,,,"Vanguard University of Southern California",123651
"2612","Biotechnology.",3,,,,,,"Vanguard University of Southern California",123651
"2701","Mathematics.",3,,,,,,"Vanguard University of Southern California",123651
"3070","Data Science.",3,,,,,,"Vanguard University of Southern California",123651
"3105","Sports, Kinesiology, and Physical Education/Fitness.",3,,,,,    40,"Vanguard University of Southern California",123651
"3802","Religion/Religious Studies.",3,,,,,,"Vanguard University of Southern California",123651
"3902","Bible/Biblical Studies.",3,,,,,,"Vanguard University of Southern California",123651
"3905","Religious Music and Worship.",3,,,,,,"Vanguard University of Southern California",123651
"3907","Pastoral Counseling and Specialized Ministries.",3, 41087,,,    25,    27,"Vanguard University of Southern California",123651
"4001","Physical Sciences, General.",3,,,,,,"Vanguard University of Southern California",123651
"4005","Chemistry.",3,,,,,,"Vanguard University of Southern California",123651
"4201","Psychology, General.",3, 44599, 46504, 47582,    75,   105,"Vanguard University of Southern California",123651
"4301","Criminal Justice and Corrections.",3,,,,,,"Vanguard University of Southern California",123651
"4502","Anthropology.",3,,,,,,"Vanguard University of Southern California",123651
"4511","Sociology.",3, 36540,,,    21,    25,"Vanguard University of Southern California",123651
"5005","Drama/Theatre Arts and Stagecraft.",3,,,,,,"Vanguard University of Southern California",123651
"5009","Music.",3,,,,,,"Vanguard University of Southern California",123651
"5111","Health/Medical Preparatory Programs.",3,,,,,,"Vanguard University of Southern California",123651
"5138","Registered Nursing, Nursing Administration, Nursing Research and Clinical Nursing.",3, 99473, 97326,102239,    43,    71,"Vanguard University of Southern California",123651
"5202","Business Administration, Management and Operations.",3, 55754, 58649, 62957,    67,   111,"Vanguard University of Southern California",123651
"5203","Accounting and Related Services.",3,,,,,,"Vanguard University of Southern California",123651
"5213","Management Sciences and Quantitative Methods.",3,,,,,,"Vanguard University of Southern California",123651
"5214","Marketing.",3,,,,,    20,"Vanguard University of Southern California",123651
"5401","History.",3,,,,,,"Vanguard University of Southern California",123651
"0402","Architecture.",3, 61845,,,    34,    36,"Southern California Institute of Architecture",123952
"0409","Architectural Sciences and Technology.",3,,,,,,"Southern California Institute of Architecture",123952
"0301","Natural Resources Conservation and Research.",3,, 62757, 78731,,    37,"University of Southern California",123961
"0402","Architecture.",3, 67866, 68793,,    76,   113,"University of Southern California",123961
"0403","City/Urban, Community, and Regional Planning.",3, 70576, 76886,106094,    57,   100,"University of Southern California",123961
"0409","Architectural Sciences and Technology.",3,,, 78741,,,"University of Southern California",123961
"0410","Real Estate Development.",3,,,107292,,,"University of Southern California",123961
"0501","Area Studies.",3, 59545,,,    16,    24,"University of Southern California",123961
"0502","Ethnic, Cultural Minority, Gender, and Group Studies.",3,,, 55208,,    16,"University of Southern California",123961
"0901","Communication and Media Studies.",3, 57245, 67030, 75864,   143,   254,"University of Southern California",123961
"0904","Journalism.",3, 65941, 56063, 79776,    31,    73,"University of Southern California",123961
"0909","Public Relations, Advertising, and Applied Communication.",3, 68836, 73218, 87946,    43,    77,"University of Southern California",123961
"1101","Computer and Information Sciences, General.",3,,,,,,"University of Southern California",123961
"1107","Computer Science.",3,139302,152172,192897,    53,    90,"University of Southern California",123961
"1108","Computer Software and Media Applications.",3,,,115839,,    30,"University of Southern California",123961
"1301","Education, General.",3,,,,,,"University of Southern California",123961
"1401","Engineering, General.",3,, 91665,,,    38,"University of Southern California",123961
"1402","Aerospace, Aeronautical, and Astronautical/Space Engineering.",3,100681, 97550,125514,    26,    47,"University of Southern California",123961
"1405","Biomedical/Medical Engineering.",3,106816,101429,105415,    27,    62,"University of Southern California",123961
"1407","Chemical Engineering.",3, 83572, 97493,100646,    34,    60,"University of Southern California",123961
"1408","Civil Engineering.",3,109549, 99567,106308,    29,    51,"University of Southern California",123961
"1409","Computer Engineering.",3,,,166369,,    28,"University of Southern California",123961
"1410","Electrical, Electronics, and Communications Engineering.",3,114804,116778,131532,    52,    87,"University of Southern California",123961
"1414","Environmental/Environmental Health Engineering.",3,,,,,,"University of Southern California",123961
"1419","Mechanical Engineering.",3, 93121, 92307,104649,    47,    97,"University of Southern California",123961
"1435","Industrial Engineering.",3,116995,115362,112150,    29,    66,"University of Southern California",123961
"1447","Electrical and Computer Engineering.",3,,,,,,"University of Southern California",123961
"1515","Engineering-Related Fields.",3,,, 96120,,,"University of Southern California",123961
"1601","Linguistic, Comparative, and Related Language Studies and Services.",3,,,,,,"University of Southern California",123961
"1603","East Asian Languages, Literatures, and Linguistics.",3,,, 64421,,,"University of Southern California",123961
"1604","Slavic, Baltic and Albanian Languages, Literatures, and Linguistics.",3,,,,,,"University of Southern California",123961
"1609","Romance Languages, Literatures, and Linguistics.",3,,, 59088,,    24,"University of Southern California",123961
"1612","Classics and Classical Languages, Literatures, and Linguistics.",3,,,,,,"University of Southern California",123961
"2301","English Language and Literature, General.",3, 56314,, 59345,    20,    38,"University of Southern California",123961
"2313","Rhetoric and Composition/Writing Studies.",3, 38224, 56178, 41637,    26,    49,"University of Southern California",123961
"2401","Liberal Arts and Sciences, General Studies and Humanities.",3, 47516, 57448, 58462,    60,   114,"University of Southern California",123961
"2601","Biology, General.",3, 52222, 48135, 63125,    49,   136,"University of Southern California",123961
"2602","Biochemistry, Biophysics and Molecular Biology.",3,,, 57246,,    30,"University of Southern California",123961
"2604","Cell/Cellular Biology and Anatomical Sciences.",3,,,,,,"University of Southern California",123961
"2610","Pharmacology and Toxicology.",3,,,,,,"University of Southern California",123961
"2611","Biomathematics, Bioinformatics, and Computational Biology.",3,,,,,,"University of Southern California",123961
"2612","Biotechnology.",3,,,,,,"University of Southern California",123961
"2613","Ecology, Evolution, Systematics, and Population Biology.",3,,,,,,"University of Southern California",123961
"2615","Neurobiology and Neurosciences.",3, 59348, 46999, 89203,    27,    49,"University of Southern California",123961
"2701","Mathematics.",3,,, 69377,,,"University of Southern California",123961
"2703","Applied Mathematics.",3, 66739, 88723,101094,    27,    40,"University of Southern California",123961
"3011","Gerontology.",3,,,,,,"University of Southern California",123961
"3020","International/Globalization Studies.",3,,,,,,"University of Southern California",123961
"3025","Cognitive Science.",3,,, 93440,,,"University of Southern California",123961
"3027","Human Biology.",3, 64888, 50598, 69751,    61,   118,"University of Southern California",123961
"3099","Multi/Interdisciplinary Studies, Other.",3, 54988,, 59455,    21,    34,"University of Southern California",123961
"3105","Sports, Kinesiology, and Physical Education/Fitness.",3,,,,,,"University of Southern California",123961
"3801","Philosophy.",3,,, 51831,,    51,"University of Southern California",123961
"3802","Religion/Religious Studies.",3,,,,,,"University of Southern California",123961
"4001","Physical Sciences, General.",3,,,,,,"University of Southern California",123961
"4002","Astronomy and Astrophysics.",3,,,,,,"University of Southern California",123961
"4005","Chemistry.",3,,, 54966,,,"University of Southern California",123961
"4006","Geological and Earth Sciences/Geosciences.",3,,,,,,"University of Southern California",123961
"4008","Physics.",3,,,,,,"University of Southern California",123961
"4201","Psychology, General.",3, 53101, 55703, 70461,    99,   167,"University of Southern California",123961
"4304","Security Science and Technology.",3,,,,,,"University of Southern California",123961
"4405","Public Policy Analysis.",3,,, 74511,,,"University of Southern California",123961
"4501","Social Sciences, General.",3,,, 42038,,    35,"University of Southern California",123961
"4502","Anthropology.",3,,,,,,"University of Southern California",123961
"4503","Archeology.",3,,,,,,"University of Southern California",123961
"4506","Economics.",3, 73608, 84389, 94435,    94,   154,"University of Southern California",123961
"4507","Geography and Cartography.",3,,,,,,"University of Southern California",123961
"4509","International Relations and National Security Studies.",3, 68408, 89719, 84866,    95,   171,"University of Southern California",123961
"4510","Political Science and Government.",3, 54336, 59700, 75090,    50,   125,"University of Southern California",123961
"4511","Sociology.",3, 61368, 46799, 70555,    47,    66,"University of Southern California",123961
"4512","Urban Studies/Affairs.",3,,,,,,"University of Southern California",123961
"4901","Air Transportation.",3,,,,,,"University of Southern California",123961
"5001","Visual and Performing Arts, General.",3,,,,,    20,"University of Southern California",123961
"5003","Dance.",3,,,,,,"University of Southern California",123961
"5004","Design and Applied Arts.",3,,, 89022,,    28,"University of Southern California",123961
"5005","Drama/Theatre Arts and Stagecraft.",3, 25594, 28765, 40415,    90,   164,"University of Southern California",123961
"5006","Film/Video and Photographic Arts.",3, 50649, 43542, 58623,    99,   186,"University of Southern California",123961
"5007","Fine and Studio Arts.",3, 49396, 55705, 72428,    67,   104,"University of Southern California",123961
"5009","Music.",3,,, 34124,,    62,"University of Southern California",123961
"5010","Arts, Entertainment, and Media Management.",3, 45549,, 63353,    23,    45,"University of Southern California",123961
"5100","Health Services/Allied Health/Health Sciences, General.",3,,,,,,"University of Southern California",123961
"5106","Dental Support Services and Allied Professions.",3, 78940,, 91726,    25,    44,"University of Southern California",123961
"5122","Public Health.",3, 47996, 73352, 89522,    38,    73,"University of Southern California",123961
"5123","Rehabilitation and Therapeutic Professions.",3,,,,,,"University of Southern California",123961
"5138","Registered Nursing, Nursing Administration, Nursing Research and Clinical Nursing.",3,,,,,,"University of Southern California",123961
"5202","Business Administration, Management and Operations.",3, 86036, 91212,109128,   430,   726,"University of Southern California",123961
"5203","Accounting and Related Services.",3, 89238, 95638,121101,   130,   176,"University of Southern California",123961
"5211","International Business.",3,,,,,,"University of Southern California",123961
"5213","Management Sciences and Quantitative Methods.",3,,,,,,"University of Southern California",123961
"5215","Real Estate.",3,,,143977,,    16,"University of Southern California",123961
"5401","History.",3, 64865,, 79940,    20,    35,"University of Southern California",123961
"2401","Liberal Arts and Sciences, General Studies and Humanities.",3, 40464, 40638, 49898,    43,    83,"Thomas Aquinas College",124292
"3906","Theological and Ministerial Studies.",3,,,,,,"Epic Bible College & Graduate School",124487
"5106","Dental Support Services and Allied Professions.",3,,,,,,"West Los Angeles College",125471
"5107","Health and Medical Administrative Services.",3,,,,,,"Carrington College-Sacramento",125532
"5138","Registered Nursing, Nursing Administration, Nursing Research and Clinical Nursing.",3,,,,,,"Carrington College-Sacramento",125532
"0901","Communication and Media Studies.",3,,, 62535,,    21,"Westmont College",125727
"1101","Computer and Information Sciences, General.",3,,,,,,"Westmont College",125727
"1401","Engineering, General.",3,,,,,,"Westmont College",125727
"1412","Engineering Physics.",3,,,,,,"Westmont College",125727
"1601","Linguistic, Comparative, and Related Language Studies and Services.",3,,,,,,"Westmont College",125727
"1609","Romance Languages, Literatures, and Linguistics.",3,,,,,,"Westmont College",125727
"2301","English Language and Literature, General.",3,,, 58459,,,"Westmont College",125727
"2401","Liberal Arts and Sciences, General Studies and Humanities.",3,,, 61939,,,"Westmont College",125727
"2601","Biology, General.",3,,, 75889,,,"Westmont College",125727
"2701","Mathematics.",3,,,,,,"Westmont College",125727
"3000","Multi-/Interdisciplinary Studies, General.",3,,,,,,"Westmont College",125727
"3020","International/Globalization Studies.",3,,,,,,"Westmont College",125727
"3105","Sports, Kinesiology, and Physical Education/Fitness.",3,, 50627, 56878,,    40,"Westmont College",125727
"3801","Philosophy.",3,,,,,,"Westmont College",125727
"3802","Religion/Religious Studies.",3,,,,,,"Westmont College",125727
"4005","Chemistry.",3,,,,,,"Westmont College",125727
"4008","Physics.",3,,,,,,"Westmont College",125727
"4201","Psychology, General.",3,,, 45455,,    19,"Westmont College",125727
"4501","Social Sciences, General.",3,,,,,,"Westmont College",125727
"4502","Anthropology.",3,,,,,,"Westmont College",125727
"4510","Political Science and Government.",3,,,,,,"Westmont College",125727
"4511","Sociology.",3,,,,,,"Westmont College",125727
"5005","Drama/Theatre Arts and Stagecraft.",3,,,,,,"Westmont College",125727
"5006","Film/Video and Photographic Arts.",3,,,,,,"Westmont College",125727
"5007","Fine and Studio Arts.",3,,,,,,"Westmont College",125727
"5009","Music.",3,,,,,,"Westmont College",125727
"5138","Registered Nursing, Nursing Administration, Nursing Research and Clinical Nursing.",3,,,,,,"Westmont College",125727
"5206","Business/Managerial Economics.",3, 81197, 74355, 84815,    23,    47,"Westmont College",125727
"5401","History.",3,,,,,,"Westmont College",125727
"0301","Natural Resources Conservation and Research.",3,,,,,,"Whittier College",125763
"1301","Education, General.",3,,,,,,"Whittier College",125763
"1412","Engineering Physics.",3,,,,,,"Whittier College",125763
"1603","East Asian Languages, Literatures, and Linguistics.",3,,,,,,"Whittier College",125763
"1609","Romance Languages, Literatures, and Linguistics.",3, 44194,,,    27,    28,"Whittier College",125763
"1907","Human Development, Family Studies, and Related Services.",3, 30716,, 44877,    19,    31,"Whittier College",125763
"2301","English Language and Literature, General.",3,,, 55536,,    33,"Whittier College",125763
"2401","Liberal Arts and Sciences, General Studies and Humanities.",3,,,,,,"Whittier College",125763
"2601","Biology, General.",3, 44193,,,    19,    26,"Whittier College",125763
"2602","Biochemistry, Biophysics and Molecular Biology.",3,,,,,,"Whittier College",125763
"2701","Mathematics.",3,,,,,,"Whittier College",125763
"3020","International/Globalization Studies.",3,,,,,,"Whittier College",125763
"3105","Sports, Kinesiology, and Physical Education/Fitness.",3, 39095, 32004, 47719,    19,    53,"Whittier College",125763
"3801","Philosophy.",3,,,,,,"Whittier College",125763
"3802","Religion/Religious Studies.",3,,,,,,"Whittier College",125763
"4005","Chemistry.",3,,,,,,"Whittier College",125763
"4008","Physics.",3,,,,,,"Whittier College",125763
"4201","Psychology, General.",3, 33923,, 58397,    29,    42,"Whittier College",125763
"4407","Social Work.",3, 49450,,,    20,,"Whittier College",125763
"4501","Social Sciences, General.",3,,, 64736,,,"Whittier College",125763
"4502","Anthropology.",3,,,,,,"Whittier College",125763
"4506","Economics.",3,,,,,,"Whittier College",125763
"4510","Political Science and Government.",3, 51793,, 55853,    17,    29,"Whittier College",125763
"4511","Sociology.",3,,,,,    19,"Whittier College",125763
"5004","Design and Applied Arts.",3,,,,,,"Whittier College",125763
"5005","Drama/Theatre Arts and Stagecraft.",3,,,,,,"Whittier College",125763
"5007","Fine and Studio Arts.",3,,,,,,"Whittier College",125763
"5009","Music.",3,,,,,,"Whittier College",125763
"5202","Business Administration, Management and Operations.",3, 50178, 56972, 73792,    50,   105,"Whittier College",125763
"5213","Management Sciences and Quantitative Methods.",3,,,,,,"Whittier College",125763
"5401","History.",3,,,,,,"Whittier College",125763
"0301","Natural Resources Conservation and Research.",3,,,,,,"Woodbury University",125897
"0402","Architecture.",3, 65925,, 67517,    82,    94,"Woodbury University",125897
"0405","Interior Architecture.",3,,,,,,"Woodbury University",125897
"0409","Architectural Sciences and Technology.",3,,,,,,"Woodbury University",125897
"0901","Communication and Media Studies.",3,,, 68020,,,"Woodbury University",125897
"0907","Radio, Television, and Digital Communication.",3,,,,,,"Woodbury University",125897
"1003","Graphic Communications.",3,,,,,,"Woodbury University",125897
"1101","Computer and Information Sciences, General.",3,,,,,,"Woodbury University",125897
"1108","Computer Software and Media Applications.",3,,,,,,"Woodbury University",125897
"1501","Architectural Engineering Technologies/Technicians.",3,,,,,,"Woodbury University",125897
"1513","Drafting/Design Engineering Technologies/Technicians.",3,,,,,,"Woodbury University",125897
"2313","Rhetoric and Composition/Writing Studies.",3,,,,,,"Woodbury University",125897
"3008","Mathematics and Computer Science.",3,,,,,,"Woodbury University",125897
"3031","Human Computer Interaction.",3,,,,,,"Woodbury University",125897
"3099","Multi/Interdisciplinary Studies, Other.",3,,,,,,"Woodbury University",125897
"4201","Psychology, General.",3,,,,,,"Woodbury University",125897
"4227","Research and Experimental Psychology.",3,,,,,,"Woodbury University",125897
"4301","Criminal Justice and Corrections.",3,,,,,,"Woodbury University",125897
"4510","Political Science and Government.",3,,,,,,"Woodbury University",125897
"5001","Visual and Performing Arts, General.",3,,,,,,"Woodbury University",125897
"5004","Design and Applied Arts.",3, 48130,, 62092,    26,,"Woodbury University",125897
"5006","Film/Video and Photographic Arts.",3,,, 50387,,    17,"Woodbury University",125897
"5202","Business Administration, Management and Operations.",3, 48656,, 77992,    26,    32,"Woodbury University",125897
"5203","Accounting and Related Services.",3, 75250,,,    16,    21,"Woodbury University",125897
"5214","Marketing.",3,,,,,,"Woodbury University",125897
"5219","Specialized Sales, Merchandising and  Marketing Operations.",3,,,,,,"Woodbury University",125897
"5401","History.",3,,,,,,"Woodbury University",125897
"3802","Religion/Religious Studies.",3,,, 38872,,    30,"Yeshiva Ohr Elchonon Chabad West Coast Talmudical Seminary",126076
"0301","Natural Resources Conservation and Research.",3, 37929,, 55435,   125,   134,"Ashford University",154022
"0901","Communication and Media Studies.",3, 39184,, 61909,    87,    93,"Ashford University",154022
"0904","Journalism.",3, 31708,, 44589,   107,   121,"Ashford University",154022
"1101","Computer and Information Sciences, General.",3,,,,,,"Ashford University",154022
"1108","Computer Software and Media Applications.",3,,,,,,"Ashford University",154022
"1110","Computer/Information Technology Administration and Management.",3,,,,,,"Ashford University",154022
"1301","Education, General.",3, 33483, 43803, 47107,   365,   399,"Ashford University",154022
"1305","Educational/Instructional Media Design.",3,,, 68414,,,"Ashford University",154022
"1306","Educational Assessment, Evaluation, and Research.",3, 34831,, 44242,    67,    68,"Ashford University",154022
"1309","Social and Philosophical Foundations of Education.",3,,,,,,"Ashford University",154022
"1310","Special Education and Teaching.",3,,,,,,"Ashford University",154022
"1312","Teacher Education and Professional Development, Specific Levels and Methods.",3, 31563, 40066, 43748,  1410,  1513,"Ashford University",154022
"1314","Teaching English or French as a Second or Foreign Language.",3, 24783,,,    29,    30,"Ashford University",154022
"1409","Computer Engineering.",3,,,,,,"Ashford University",154022
"1601","Linguistic, Comparative, and Related Language Studies and Services.",3, 39694,, 56666,    47,    51,"Ashford University",154022
"1904","Family and Consumer Economics and Related Studies.",3,,,,,,"Ashford University",154022
"1907","Human Development, Family Studies, and Related Services.",3, 32849, 29982, 44852,   266,   284,"Ashford University",154022
"2301","English Language and Literature, General.",3, 34165, 30768, 47071,   125,   136,"Ashford University",154022
"2399","English Language and Literature/Letters, Other.",3,,,,,,"Ashford University",154022
"2401","Liberal Arts and Sciences, General Studies and Humanities.",3, 39701, 58295, 51307,    60,    77,"Ashford University",154022
"2501","Library Science and Administration.",3, 32076,, 38786,    34,    38,"Ashford University",154022
"2903","Military Applied Sciences.",3,,,,,    18,"Ashford University",154022
"3011","Gerontology.",3, 25562,, 49843,    26,    40,"Ashford University",154022
"3017","Behavioral Sciences.",3, 35109, 45603, 45157,   631,   675,"Ashford University",154022
"3033","Sustainability Studies.",3,,,,,    18,"Ashford University",154022
"3105","Sports, Kinesiology, and Physical Education/Fitness.",3, 43063, 67200, 51665,   102,   126,"Ashford University",154022
"4201","Psychology, General.",3, 35743, 49878, 48325,   842,   952,"Ashford University",154022
"4301","Criminal Justice and Corrections.",3, 44799, 71265, 60144,   926,  1065,"Ashford University",154022
"4404","Public Administration.",3, 47742,, 68344,    23,    32,"Ashford University",154022
"4501","Social Sciences, General.",3, 39247, 60149, 48970,   242,   254,"Ashford University",154022
"4502","Anthropology.",3, 35453,, 41266,    30,    34,"Ashford University",154022
"4510","Political Science and Government.",3, 36599,, 54740,    61,    70,"Ashford University",154022
"4511","Sociology.",3, 37480, 66682, 51004,   244,   274,"Ashford University",154022
"5004","Design and Applied Arts.",3,,,,,,"Ashford University",154022
"5100","Health Services/Allied Health/Health Sciences, General.",3, 37357,, 55689,    37,    43,"Ashford University",154022
"5107","Health and Medical Administrative Services.",3, 39470, 65014, 53801,   966,  1101,"Ashford University",154022
"5115","Mental and Social Health Services and Allied Professions.",3, 34226, 52266, 48922,   240,   252,"Ashford University",154022
"5133","Alternative and Complementary Medicine and Medical Systems.",3, 32315, 63639, 44036,   194,   229,"Ashford University",154022
"5138","Registered Nursing, Nursing Administration, Nursing Research and Clinical Nursing.",3,,,,,,"Ashford University",154022
"5202","Business Administration, Management and Operations.",3, 53756, 75692, 71782,  2326,  2868,"Ashford University",154022
"5203","Accounting and Related Services.",3, 46686, 60528, 61522,   324,   377,"Ashford University",154022
"5206","Business/Managerial Economics.",3, 61033,, 65737,    37,    45,"Ashford University",154022
"5207","Entrepreneurial and Small Business Operations.",3, 33280,, 43140,    84,    97,"Ashford University",154022
"5208","Finance and Financial Management Services.",3, 52431,, 64426,   100,   112,"Ashford University",154022
"5210","Human Resources Management and Services.",3, 47196, 70029, 65002,   388,   460,"Ashford University",154022
"5211","International Business.",3,,, 81292,,    39,"Ashford University",154022
"5212","Management Information Systems and Services.",3, 54471, 81340, 77907,   197,   243,"Ashford University",154022
"5214","Marketing.",3, 42686, 62569, 66307,   130,   160,"Ashford University",154022
"5215","Real Estate.",3, 39328,, 58733,    31,    42,"Ashford University",154022
"5401","History.",3, 43693,, 49773,   128,   141,"Ashford University",154022
"0501","Area Studies.",3,,,,,,"Stanford University",243744
"0502","Ethnic, Cultural Minority, Gender, and Group Studies.",3,,, 45519,,,"Stanford University",243744
"0901","Communication and Media Studies.",3,,,,,,"Stanford University",243744
"1107","Computer Science.",3,202830,199517,214907,    44,    83,"Stanford University",243744
"1402","Aerospace, Aeronautical, and Astronautical/Space Engineering.",3,,,,,,"Stanford University",243744
"1405","Biomedical/Medical Engineering.",3,,,,,,"Stanford University",243744
"1407","Chemical Engineering.",3,,,,,,"Stanford University",243744
"1408","Civil Engineering.",3,,,,,,"Stanford University",243744
"1410","Electrical, Electronics, and Communications Engineering.",3,,,,,    20,"Stanford University",243744
"1414","Environmental/Environmental Health Engineering.",3,,,,,,"Stanford University",243744
"1418","Materials Engineering.",3,,,,,,"Stanford University",243744
"1419","Mechanical Engineering.",3,114588,,117072,    23,    46,"Stanford University",243744
"1499","Engineering, Other.",3, 73906,114164,115206,    30,    56,"Stanford University",243744
"1515","Engineering-Related Fields.",3,,,,,    17,"Stanford University",243744
"1601","Linguistic, Comparative, and Related Language Studies and Services.",3,,,,,,"Stanford University",243744
"1603","East Asian Languages, Literatures, and Linguistics.",3,,,,,,"Stanford University",243744
"1604","Slavic, Baltic and Albanian Languages, Literatures, and Linguistics.",3,,,,,,"Stanford University",243744
"1605","Germanic Languages, Literatures, and Linguistics.",3,,,,,,"Stanford University",243744
"1609","Romance Languages, Literatures, and Linguistics.",3,,,,,,"Stanford University",243744
"1612","Classics and Classical Languages, Literatures, and Linguistics.",3,,,,,,"Stanford University",243744
"2301","English Language and Literature, General.",3,,, 82036,,    19,"Stanford University",243744
"2401","Liberal Arts and Sciences, General Studies and Humanities.",3,,,,,,"Stanford University",243744
"2601","Biology, General.",3,,,,,    18,"Stanford University",243744
"2701","Mathematics.",3,,,,,,"Stanford University",243744
"2703","Applied Mathematics.",3,,,,,,"Stanford University",243744
"3006","Systems Science and Theory.",3,,,,,,"Stanford University",243744
"3015","Science, Technology and Society.",3, 84009, 85409,107375,    25,    45,"Stanford University",243744
"3025","Cognitive Science.",3,,,131650,,,"Stanford University",243744
"3027","Human Biology.",3, 62497,, 81529,    38,    54,"Stanford University",243744
"3033","Sustainability Studies.",3,,,,,,"Stanford University",243744
"3801","Philosophy.",3,,,,,,"Stanford University",243744
"3802","Religion/Religious Studies.",3,,,,,,"Stanford University",243744
"3899","Philosophy and Religious Studies, Other.",3,,,,,,"Stanford University",243744
"4005","Chemistry.",3,,,,,,"Stanford University",243744
"4006","Geological and Earth Sciences/Geosciences.",3,,,,,,"Stanford University",243744
"4008","Physics.",3,,,,,,"Stanford University",243744
"4201","Psychology, General.",3,,,,,    39,"Stanford University",243744
"4227","Research and Experimental Psychology.",3,,,,,,"Stanford University",243744
"4405","Public Policy Analysis.",3,,,,,,"Stanford University",243744
"4502","Anthropology.",3,,,,,,"Stanford University",243744
"4503","Archeology.",3,,,,,,"Stanford University",243744
"4506","Economics.",3,131131,,112700,    25,    30,"Stanford University",243744
"4509","International Relations and National Security Studies.",3,,, 91075,,    23,"Stanford University",243744
"4510","Political Science and Government.",3,,,,,    20,"Stanford University",243744
"4511","Sociology.",3,,,,,,"Stanford University",243744
"4512","Urban Studies/Affairs.",3,,,,,,"Stanford University",243744
"5005","Drama/Theatre Arts and Stagecraft.",3,,,,,,"Stanford University",243744
"5006","Film/Video and Photographic Arts.",3,,,,,,"Stanford University",243744
"5007","Fine and Studio Arts.",3,,,,,,"Stanford University",243744
"5009","Music.",3,,,,,,"Stanford University",243744
"5401","History.",3,,,,,,"Stanford University",243744
"2401","Liberal Arts and Sciences, General Studies and Humanities.",3, 40790,, 66596,    50,    61,"Antioch University-Los Angeles",245838
"4201","Psychology, General.",3,,, 51702,,,"Antioch University-Los Angeles",245838
"2401","Liberal Arts and Sciences, General Studies and Humanities.",3, 40790,, 66596,    50,    61,"Antioch University-Santa Barbara",245847
"4201","Psychology, General.",3,,, 51702,,,"Antioch University-Santa Barbara",245847
"5202","Business Administration, Management and Operations.",3,,,,,,"Antioch University-Santa Barbara",245847
"1101","Computer and Information Sciences, General.",3,,,,,,"Platt College-Los Angeles",260789
"1110","Computer/Information Technology Administration and Management.",3,,,,,,"Platt College-Los Angeles",260789
"4301","Criminal Justice and Corrections.",3, 37078,, 40727,    33,    35,"Platt College-Los Angeles",260789
"5004","Design and Applied Arts.",3,,,,,,"Platt College-Los Angeles",260789
"5107","Health and Medical Administrative Services.",3, 42157,, 42114,    39,    43,"Platt College-Los Angeles",260789
"5109","Allied Health Diagnostic, Intervention, and Treatment Professions.",3, 42245,, 48655,    52,    53,"Platt College-Los Angeles",260789
"5202","Business Administration, Management and Operations.",3,,,,,,"Platt College-Los Angeles",260789
"0901","Communication and Media Studies.",3,,,,,,"University of Massachusetts Global",262086
"1101","Computer and Information Sciences, General.",3,,,,,,"University of Massachusetts Global",262086
"1312","Teacher Education and Professional Development, Specific Levels and Methods.",3, 42088,, 51707,    51,    57,"University of Massachusetts Global",262086
"2200","Non-Professional Legal Studies.",3,,,,,,"University of Massachusetts Global",262086
"2203","Legal Support Services.",3,,,,,,"University of Massachusetts Global",262086
"2401","Liberal Arts and Sciences, General Studies and Humanities.",3, 47138,, 58739,    66,    80,"University of Massachusetts Global",262086
"3000","Multi-/Interdisciplinary Studies, General.",3,,,,,,"University of Massachusetts Global",262086
"4201","Psychology, General.",3, 49123,, 58836,    74,    98,"University of Massachusetts Global",262086
"4301","Criminal Justice and Corrections.",3,,,,,,"University of Massachusetts Global",262086
"4407","Social Work.",3, 44644,, 47441,    30,    36,"University of Massachusetts Global",262086
"4501","Social Sciences, General.",3, 47713,, 64307,    33,    44,"University of Massachusetts Global",262086
"4504","Criminology.",3, 56779,, 75745,    52,    65,"University of Massachusetts Global",262086
"4511","Sociology.",3, 44489,, 63036,    24,    37,"University of Massachusetts Global",262086
"5138","Registered Nursing, Nursing Administration, Nursing Research and Clinical Nursing.",3,,,,,,"University of Massachusetts Global",262086
"5202","Business Administration, Management and Operations.",3, 58450, 77547, 83778,    81,   103,"University of Massachusetts Global",262086
"5210","Human Resources Management and Services.",3, 63308, 71605, 72669,    63,    91,"University of Massachusetts Global",262086
"0301","Natural Resources Conservation and Research.",3,,, 55903,,,"California State University-San Marcos",366711
"0502","Ethnic, Cultural Minority, Gender, and Group Studies.",3,,,,,,"California State University-San Marcos",366711
"0901","Communication and Media Studies.",3, 46927, 49715, 59842,   125,   162,"California State University-San Marcos",366711
"1105","Computer Systems Analysis.",3,,, 93047,,,"California State University-San Marcos",366711
"1107","Computer Science.",3, 95742,, 97827,    38,    44,"California State University-San Marcos",366711
"1312","Teacher Education and Professional Development, Specific Levels and Methods.",3,,, 51445,,,"California State University-San Marcos",366711
"1409","Computer Engineering.",3,,,,,,"California State University-San Marcos",366711
"1410","Electrical, Electronics, and Communications Engineering.",3,,,,,,"California State University-San Marcos",366711
"1609","Romance Languages, Literatures, and Linguistics.",3, 38886,,,    18,    27,"California State University-San Marcos",366711
"1907","Human Development, Family Studies, and Related Services.",3, 37947, 50163, 53568,   150,   202,"California State University-San Marcos",366711
"2301","English Language and Literature, General.",3, 46679,, 54985,    51,    67,"California State University-San Marcos",366711
"2401","Liberal Arts and Sciences, General Studies and Humanities.",3, 43654, 42153, 58289,    79,   110,"California State University-San Marcos",366711
"2601","Biology, General.",3, 58557,, 70789,    21,    27,"California State University-San Marcos",366711
"2602","Biochemistry, Biophysics and Molecular Biology.",3,,, 65479,,,"California State University-San Marcos",366711
"2604","Cell/Cellular Biology and Anatomical Sciences.",3,,, 80303,,    16,"California State University-San Marcos",366711
"2609","Physiology, Pathology and Related Sciences.",3,,,,,,"California State University-San Marcos",366711
"2612","Biotechnology.",3,,, 76622,,    22,"California State University-San Marcos",366711
"2613","Ecology, Evolution, Systematics, and Population Biology.",3,,,,,,"California State University-San Marcos",366711
"2701","Mathematics.",3,,,,,,"California State University-San Marcos",366711
"3020","International/Globalization Studies.",3,,,,,,"California State University-San Marcos",366711
"3099","Multi/Interdisciplinary Studies, Other.",3,,,,,,"California State University-San Marcos",366711
"3105","Sports, Kinesiology, and Physical Education/Fitness.",3, 44345, 48336, 61252,    73,   123,"California State University-San Marcos",366711
"4005","Chemistry.",3,,,,,,"California State University-San Marcos",366711
"4008","Physics.",3, 65596,,,    16,    21,"California State University-San Marcos",366711
"4201","Psychology, General.",3, 43365, 49935, 55196,   107,   150,"California State University-San Marcos",366711
"4302","Fire Protection.",3,,,,,,"California State University-San Marcos",366711
"4501","Social Sciences, General.",3, 42791,, 63622,    25,    28,"California State University-San Marcos",366711
"4502","Anthropology.",3,,, 49848,,,"California State University-San Marcos",366711
"4504","Criminology.",3, 45172, 63464, 55418,   137,   172,"California State University-San Marcos",366711
"4506","Economics.",3, 62118,, 83339,    29,    40,"California State University-San Marcos",366711
"4507","Geography and Cartography.",3,,,,,,"California State University-San Marcos",366711
"4509","International Relations and National Security Studies.",3,,,,,,"California State University-San Marcos",366711
"4510","Political Science and Government.",3, 53955,, 50857,    32,    48,"California State University-San Marcos",366711
"4511","Sociology.",3, 48716,, 53287,    77,    92,"California State University-San Marcos",366711
"5001","Visual and Performing Arts, General.",3, 32579,, 48043,    39,    53,"California State University-San Marcos",366711
"5005","Drama/Theatre Arts and Stagecraft.",3,,,,,,"California State University-San Marcos",366711
"5009","Music.",3,,,,,,"California State University-San Marcos",366711
"5102","Communication Disorders Sciences and Services.",3,,, 71068,,,"California State University-San Marcos",366711
"5138","Registered Nursing, Nursing Administration, Nursing Research and Clinical Nursing.",3, 95955, 94457,120196,   123,   236,"California State University-San Marcos",366711
"5201","Business/Commerce, General.",3, 64738,, 68984,    18,    21,"California State University-San Marcos",366711
"5202","Business Administration, Management and Operations.",3, 57934, 69970, 70900,   128,   168,"California State University-San Marcos",366711
"5203","Accounting and Related Services.",3, 65916,, 86318,    69,    81,"California State University-San Marcos",366711
"5208","Finance and Financial Management Services.",3, 74108,, 77312,    40,    49,"California State University-San Marcos",366711
"5211","International Business.",3,,, 77965,,,"California State University-San Marcos",366711
"5212","Management Information Systems and Services.",3,,, 72448,,,"California State University-San Marcos",366711
"5214","Marketing.",3, 60490,, 73290,    54,    66,"California State University-San Marcos",366711
"5401","History.",3, 39176,, 52985,    36,    43,"California State University-San Marcos",366711
"4301","Criminal Justice and Corrections.",3,,,,,,"Fremont University",372073
"5107","Health and Medical Administrative Services.",3,,,,,,"Fremont University",372073
"5122","Public Health.",3,,, 56318,,,"Fremont University",372073
"5202","Business Administration, Management and Operations.",3,,, 57386,,,"Fremont University",372073
"5122","Public Health.",3,,,,,,"Pacific College of Health and Science",378576
"5138","Registered Nursing, Nursing Administration, Nursing Research and Clinical Nursing.",3,,,,,,"Pacific College of Health and Science",378576
"1107","Computer Science.",3,,,,,,"Southern California Institute of Technology",399869
"1405","Biomedical/Medical Engineering.",3,,, 84844,,    18,"Southern California Institute of Technology",399869
"1410","Electrical, Electronics, and Communications Engineering.",3, 69044,, 84440,    60,    59,"Southern California Institute of Technology",399869
"2401","Liberal Arts and Sciences, General Studies and Humanities.",3, 38070,, 52896,    42,    60,"Soka University of America",399911
"3902","Bible/Biblical Studies.",3,,,,,,"World Mission University",401223
"3907","Pastoral Counseling and Specialized Ministries.",3,,,,,,"World Mission University",401223
"4407","Social Work.",3,,,,,,"World Mission University",401223
"5009","Music.",3,,,,,,"World Mission University",401223
"5138","Registered Nursing, Nursing Administration, Nursing Research and Clinical Nursing.",3,,,,,,"World Mission University",401223
"0111","Plant Sciences.",3,,,,,,"California State University-Monterey Bay",409698
"0301","Natural Resources Conservation and Research.",3, 55864, 39091, 51598,    31,    56,"California State University-Monterey Bay",409698
"0502","Ethnic, Cultural Minority, Gender, and Group Studies.",3,,,,,,"California State University-Monterey Bay",409698
"0907","Radio, Television, and Digital Communication.",3, 45027,, 39954,    40,    48,"California State University-Monterey Bay",409698
"1101","Computer and Information Sciences, General.",3, 82121,, 74298,    53,    67,"California State University-Monterey Bay",409698
"1107","Computer Science.",3,,,101787,,    17,"California State University-Monterey Bay",409698
"1601","Linguistic, Comparative, and Related Language Studies and Services.",3,,,,,,"California State University-Monterey Bay",409698
"1603","East Asian Languages, Literatures, and Linguistics.",3,,,,,,"California State University-Monterey Bay",409698
"1609","Romance Languages, Literatures, and Linguistics.",3,,, 39824,,,"California State University-Monterey Bay",409698
"1907","Human Development, Family Studies, and Related Services.",3,,, 51118,,,"California State University-Monterey Bay",409698
"2401","Liberal Arts and Sciences, General Studies and Humanities.",3, 44051, 52712, 59017,   155,   202,"California State University-Monterey Bay",409698
"2601","Biology, General.",3, 37049,, 55654,    36,    49,"California State University-Monterey Bay",409698
"2613","Ecology, Evolution, Systematics, and Population Biology.",3,,,,,,"California State University-Monterey Bay",409698
"2701","Mathematics.",3, 51964,, 62943,    25,    36,"California State University-Monterey Bay",409698
"2705","Statistics.",3,,,,,,"California State University-Monterey Bay",409698
"3020","International/Globalization Studies.",3,,, 61480,,,"California State University-Monterey Bay",409698
"3032","Marine Sciences.",3, 37537, 40154, 59782,    32,    62,"California State University-Monterey Bay",409698
"3099","Multi/Interdisciplinary Studies, Other.",3,,,,,,"California State University-Monterey Bay",409698
"3105","Sports, Kinesiology, and Physical Education/Fitness.",3, 41767, 44872, 47736,    75,   116,"California State University-Monterey Bay",409698
"4201","Psychology, General.",3, 45689, 41779, 54074,   140,   185,"California State University-Monterey Bay",409698
"4400","Human Services, General.",3, 51995,, 56719,    95,    96,"California State University-Monterey Bay",409698
"4501","Social Sciences, General.",3, 41801, 53091, 57200,    49,    66,"California State University-Monterey Bay",409698
"4509","International Relations and National Security Studies.",3,,,,,,"California State University-Monterey Bay",409698
"5004","Design and Applied Arts.",3, 45981,, 48639,    31,    42,"California State University-Monterey Bay",409698
"5007","Fine and Studio Arts.",3, 33811,, 34006,    24,    31,"California State University-Monterey Bay",409698
"5009","Music.",3,,, 40077,,,"California State University-Monterey Bay",409698
"5138","Registered Nursing, Nursing Administration, Nursing Research and Clinical Nursing.",3,112412,,134489,    18,    23,"California State University-Monterey Bay",409698
"5202","Business Administration, Management and Operations.",3, 60992, 63125, 72558,   168,   212,"California State University-Monterey Bay",409698
"5209","Hospitality Administration/Management.",3,,, 55856,,,"California State University-Monterey Bay",409698
"5107","Health and Medical Administrative Services.",3,,,,,,"Pacific College",422695
"5138","Registered Nursing, Nursing Administration, Nursing Research and Clinical Nursing.",3,,,132148,,    22,"Pacific College",422695
"5139","Practical Nursing, Vocational Nursing and Nursing Assistants.",3,,,,,,"Pacific College",422695
"5202","Business Administration, Management and Operations.",3,,,,,,"Pacific College",422695
"4301","Criminal Justice and Corrections.",3, 37078,, 40727,    33,    35,"Platt College-Ontario",432384
"4304","Security Science and Technology.",3,,,,,,"Platt College-Ontario",432384
"5004","Design and Applied Arts.",3,,,,,,"Platt College-Ontario",432384
"5107","Health and Medical Administrative Services.",3, 42157,, 42114,    39,    43,"Platt College-Ontario",432384
"5109","Allied Health Diagnostic, Intervention, and Treatment Professions.",3, 42245,, 48655,    52,    53,"Platt College-Ontario",432384
"5202","Business Administration, Management and Operations.",3,,,,,,"Platt College-Ontario",432384
"5120","Pharmacy, Pharmaceutical Sciences, and Administration.",3,,,,,,"American University of Health Sciences",433004
"5138","Registered Nursing, Nursing Administration, Nursing Research and Clinical Nursing.",3,109610, 96513,120284,    88,   100,"American University of Health Sciences",433004
"5138","Registered Nursing, Nursing Administration, Nursing Research and Clinical Nursing.",3,,,,,,"Career Networks Institute",433013
"4301","Criminal Justice and Corrections.",3, 41567,,,    20,    21,"California Aeronautical University",433420
"4901","Air Transportation.",3,,,,,,"California Aeronautical University",433420
"5107","Health and Medical Administrative Services.",3, 43947,,,    19,    19,"California Aeronautical University",433420
"5202","Business Administration, Management and Operations.",3,,, 62905,,    21,"California Aeronautical University",433420
"0901","Communication and Media Studies.",3,,,,,,"Los Angeles Film School",436429
"1002","Audiovisual Communications Technologies/Technicians.",3,,,,,,"Los Angeles Film School",436429
"1003","Graphic Communications.",3,,, 34138,,,"Los Angeles Film School",436429
"5004","Design and Applied Arts.",3,,, 34769,,,"Los Angeles Film School",436429
"5005","Drama/Theatre Arts and Stagecraft.",3,,,,,,"Los Angeles Film School",436429
"5006","Film/Video and Photographic Arts.",3,,, 35151,,,"Los Angeles Film School",436429
"5009","Music.",3,,,,,,"Los Angeles Film School",436429
"5010","Arts, Entertainment, and Media Management.",3, 27350,, 37857,   197,   191,"Los Angeles Film School",436429
"5100","Health Services/Allied Health/Health Sciences, General.",3,,,,,,"CBD College",439367
"5109","Allied Health Diagnostic, Intervention, and Treatment Professions.",3,,,,,,"PCI College",439871
"5109","Allied Health Diagnostic, Intervention, and Treatment Professions.",3,,, 75131,,,"Smith Chason College",441229
"0301","Natural Resources Conservation and Research.",3,,,,,,"California State University-Channel Islands",441937
"0302","Environmental/Natural Resources Management and Policy.",3,,, 67558,,    19,"California State University-Channel Islands",441937
"0502","Ethnic, Cultural Minority, Gender, and Group Studies.",3,,,,,,"California State University-Channel Islands",441937
"0901","Communication and Media Studies.",3, 49686, 43293, 59332,    74,   114,"California State University-Channel Islands",441937
"1101","Computer and Information Sciences, General.",3, 68327,,,    18,    21,"California State University-Channel Islands",441937
"1107","Computer Science.",3,,,100887,,    17,"California State University-Channel Islands",441937
"1399","Education, Other.",3, 40007,, 49106,    27,    35,"California State University-Channel Islands",441937
"1499","Engineering, Other.",3,,,,,,"California State University-Channel Islands",441937
"1609","Romance Languages, Literatures, and Linguistics.",3,,, 50202,,    17,"California State University-Channel Islands",441937
"2301","English Language and Literature, General.",3, 33475,, 53200,    32,    45,"California State University-Channel Islands",441937
"2401","Liberal Arts and Sciences, General Studies and Humanities.",3, 45157, 44046, 54015,    58,    87,"California State University-Channel Islands",441937
"2601","Biology, General.",3, 53586,, 62384,    65,    85,"California State University-Channel Islands",441937
"2701","Mathematics.",3,,, 70628,,,"California State University-Channel Islands",441937
"3020","International/Globalization Studies.",3,,,,,,"California State University-Channel Islands",441937
"4005","Chemistry.",3,,, 58498,,,"California State University-Channel Islands",441937
"4008","Physics.",3,,,,,,"California State University-Channel Islands",441937
"4201","Psychology, General.",3, 41977, 47609, 48789,   192,   257,"California State University-Channel Islands",441937
"4502","Anthropology.",3,,, 51951,,    17,"California State University-Channel Islands",441937
"4506","Economics.",3,,, 71662,,    21,"California State University-Channel Islands",441937
"4510","Political Science and Government.",3, 51997,, 58306,    22,    32,"California State University-Channel Islands",441937
"4511","Sociology.",3, 47183,, 56855,    95,   118,"California State University-Channel Islands",441937
"5001","Visual and Performing Arts, General.",3, 31097,,,    17,    18,"California State University-Channel Islands",441937
"5003","Dance.",3,,,,,,"California State University-Channel Islands",441937
"5007","Fine and Studio Arts.",3, 41418, 40219, 45548,    48,    60,"California State University-Channel Islands",441937
"5100","Health Services/Allied Health/Health Sciences, General.",3,,, 58396,,,"California State University-Channel Islands",441937
"5138","Registered Nursing, Nursing Administration, Nursing Research and Clinical Nursing.",3, 94862, 99196,112691,    66,    98,"California State University-Channel Islands",441937
"5202","Business Administration, Management and Operations.",3, 55324, 61737, 71183,   154,   196,"California State University-Channel Islands",441937
"5208","Finance and Financial Management Services.",3,,,,,,"California State University-Channel Islands",441937
"5401","History.",3, 44993,, 42229,    16,    27,"California State University-Channel Islands",441937
"5106","Dental Support Services and Allied Professions.",3, 71457, 67948, 85797,    84,   101,"West Coast University-Los Angeles",443331
"5138","Registered Nursing, Nursing Administration, Nursing Research and Clinical Nursing.",3, 98380,100137,111455,  1320,  1779,"West Coast University-Los Angeles",443331
"5115","Mental and Social Health Services and Allied Professions.",3,,,,,,"InterCoast Colleges-West Covina",443571
"1301","Education, General.",3,,,,,,"Northcentral University",444130
"2203","Legal Support Services.",3,,,,,,"Northcentral University",444130
"4201","Psychology, General.",3, 40210,,,    17,    22,"Northcentral University",444130
"5202","Business Administration, Management and Operations.",3,,,,,    23,"Northcentral University",444130
"5107","Health and Medical Administrative Services.",3,,,,,,"ATI College-Whittier",444325
"0502","Ethnic, Cultural Minority, Gender, and Group Studies.",3,,,,,,"University of California-Merced",445188
"1405","Biomedical/Medical Engineering.",3, 84693,, 88795,    17,    22,"University of California-Merced",445188
"1409","Computer Engineering.",3, 80234,,102575,    47,    63,"University of California-Merced",445188
"1414","Environmental/Environmental Health Engineering.",3,,, 83007,,    24,"University of California-Merced",445188
"1418","Materials Engineering.",3,,,,,,"University of California-Merced",445188
"1419","Mechanical Engineering.",3, 78445, 79394, 95040,    83,   102,"University of California-Merced",445188
"1601","Linguistic, Comparative, and Related Language Studies and Services.",3,,,,,,"University of California-Merced",445188
"1609","Romance Languages, Literatures, and Linguistics.",3,,,,,,"University of California-Merced",445188
"2301","English Language and Literature, General.",3,,, 58623,,,"University of California-Merced",445188
"2601","Biology, General.",3, 54571, 44629, 59249,   112,   164,"University of California-Merced",445188
"2703","Applied Mathematics.",3, 60871,, 82156,    22,    30,"University of California-Merced",445188
"3025","Cognitive Science.",3, 50345, 42811, 51147,    40,    65,"University of California-Merced",445188
"3801","Philosophy.",3,,,,,,"University of California-Merced",445188
"4005","Chemistry.",3, 64502,, 56888,    17,    27,"University of California-Merced",445188
"4006","Geological and Earth Sciences/Geosciences.",3,,,,,,"University of California-Merced",445188
"4008","Physics.",3,,,,,,"University of California-Merced",445188
"4201","Psychology, General.",3, 42284, 49951, 53143,   180,   227,"University of California-Merced",445188
"4227","Research and Experimental Psychology.",3,,,,,,"University of California-Merced",445188
"4501","Social Sciences, General.",3,,,,,,"University of California-Merced",445188
"4502","Anthropology.",3,,,,,    18,"University of California-Merced",445188
"4506","Economics.",3, 64390,, 67692,    39,    51,"University of California-Merced",445188
"4510","Political Science and Government.",3, 51668,, 62815,    57,    71,"University of California-Merced",445188
"4511","Sociology.",3, 41871,, 50468,    78,    92,"University of California-Merced",445188
"5001","Visual and Performing Arts, General.",3,,,,,,"University of California-Merced",445188
"5122","Public Health.",3,,, 56393,,,"University of California-Merced",445188
"5202","Business Administration, Management and Operations.",3, 52885, 59863, 68277,   127,   150,"University of California-Merced",445188
"5213","Management Sciences and Quantitative Methods.",3,,,,,,"University of California-Merced",445188
"5401","History.",3, 42196,, 44144,    20,,"University of California-Merced",445188
"5009","Music.",3,,,,,,"Los Angeles College of Music",446385
"5010","Arts, Entertainment, and Media Management.",3,,,,,,"Los Angeles College of Music",446385
"1110","Computer/Information Technology Administration and Management.",3,,,,,,"Stanbridge University",446561
"5107","Health and Medical Administrative Services.",3,,,,,,"Stanbridge University",446561
"5138","Registered Nursing, Nursing Administration, Nursing Research and Clinical Nursing.",3,,,,,,"Stanbridge University",446561
"1101","Computer and Information Sciences, General.",3,,,,,,"United States University",447050
"1312","Teacher Education and Professional Development, Specific Levels and Methods.",3,,,,,,"United States University",447050
"2401","Liberal Arts and Sciences, General Studies and Humanities.",3,,,,,,"United States University",447050
"5100","Health Services/Allied Health/Health Sciences, General.",3, 52267,,,    21,    26,"United States University",447050
"5138","Registered Nursing, Nursing Administration, Nursing Research and Clinical Nursing.",3,107264,,,    21,    36,"United States University",447050
"5202","Business Administration, Management and Operations.",3,,,,,,"United States University",447050
"5138","Registered Nursing, Nursing Administration, Nursing Research and Clinical Nursing.",3,,,,,,"California Career College",447713
"3902","Bible/Biblical Studies.",3, 29716,, 36973,    99,   103,"SUM Bible College and Theological Seminary",447953
"3905","Religious Music and Worship.",3,,,,,,"SUM Bible College and Theological Seminary",447953
"3906","Theological and Ministerial Studies.",3,,,,,,"SUM Bible College and Theological Seminary",447953
"1003","Graphic Communications.",3,,,,,,"Gnomon",449384
"5001","Visual and Performing Arts, General.",3,,,,,,"Gnomon",449384
"2301","English Language and Literature, General.",3,,,,,,"University of the West",449870
"2401","Liberal Arts and Sciences, General Studies and Humanities.",3,,,,,,"University of the West",449870
"4201","Psychology, General.",3,,,,,,"University of the West",449870
"5202","Business Administration, Management and Operations.",3,,,,,,"University of the West",449870
"1003","Graphic Communications.",3,,,,,,"Laurus College",454786
"1108","Computer Software and Media Applications.",3,,,,,,"Laurus College",454786
"1110","Computer/Information Technology Administration and Management.",3,,,,,,"Laurus College",454786
"5202","Business Administration, Management and Operations.",3,,,,,,"Laurus College",454786
"4201","Psychology, General.",3,,, 53952,,,"The Chicago School at Los Angeles",455664
"5138","Registered Nursing, Nursing Administration, Nursing Research and Clinical Nursing.",3,,,,,,"The Chicago School at Los Angeles",455664
"2401","Liberal Arts and Sciences, General Studies and Humanities.",3,,, 45640,,    16,"Providence Christian College",455770
"5138","Registered Nursing, Nursing Administration, Nursing Research and Clinical Nursing.",3,,,,,,"Homestead Schools",457086
"5138","Registered Nursing, Nursing Administration, Nursing Research and Clinical Nursing.",3,,,,,,"Angeles College",457299
"5202","Business Administration, Management and Operations.",3,,,,,,"Angeles College",457299
"5106","Dental Support Services and Allied Professions.",3, 71457, 67948, 85797,    84,   101,"West Coast University-Orange County",458210
"5107","Health and Medical Administrative Services.",3,,,,,,"West Coast University-Orange County",458210
"5138","Registered Nursing, Nursing Administration, Nursing Research and Clinical Nursing.",3, 98380,100137,111455,  1320,  1779,"West Coast University-Orange County",458210
"5202","Business Administration, Management and Operations.",3,,,,,,"West Coast University-Orange County",458210
"5138","Registered Nursing, Nursing Administration, Nursing Research and Clinical Nursing.",3, 98380,100137,111455,  1320,  1779,"West Coast University-Ontario",458229
"5138","Registered Nursing, Nursing Administration, Nursing Research and Clinical Nursing.",3,,,,,,"Unitek College",459204
"5139","Practical Nursing, Vocational Nursing and Nursing Assistants.",3,,,,,,"Unitek College",459204
"5109","Allied Health Diagnostic, Intervention, and Treatment Professions.",3,,,,,,"Gurnick Academy of Medical Arts",459213
"5138","Registered Nursing, Nursing Administration, Nursing Research and Clinical Nursing.",3,,,,,,"Gurnick Academy of Medical Arts",459213
"5139","Practical Nursing, Vocational Nursing and Nursing Assistants.",3,,,,,,"Gurnick Academy of Medical Arts",459213
"3802","Religion/Religious Studies.",3,,,,,,"Touro University Worldwide",459727
"4201","Psychology, General.",3,,, 46340,,,"Touro University Worldwide",459727
"4407","Social Work.",3,,,,,,"Touro University Worldwide",459727
"5100","Health Services/Allied Health/Health Sciences, General.",3,,,,,,"Touro University Worldwide",459727
"5109","Allied Health Diagnostic, Intervention, and Treatment Professions.",3,,,,,,"Touro University Worldwide",459727
"5202","Business Administration, Management and Operations.",3,,, 80061,,,"Touro University Worldwide",459727
"5203","Accounting and Related Services.",3,,,,,,"Touro University Worldwide",459727
"5138","Registered Nursing, Nursing Administration, Nursing Research and Clinical Nursing.",3, 71167,,104138,    22,    30,"Touro University California",459736
"1003","Graphic Communications.",3,,,,,,"New York Film Academy",461148
"5004","Design and Applied Arts.",3,,,,,,"New York Film Academy",461148
"5005","Drama/Theatre Arts and Stagecraft.",3, 21193,, 32057,    18,,"New York Film Academy",461148
"5006","Film/Video and Photographic Arts.",3,,, 28275,,,"New York Film Academy",461148
"5109","Allied Health Diagnostic, Intervention, and Treatment Professions.",3,,,,,,"American Medical Sciences Center",461263
"0901","Communication and Media Studies.",3,,,,,,"John Paul the Great Catholic University",462354
"2401","Liberal Arts and Sciences, General Studies and Humanities.",3,,,,,,"John Paul the Great Catholic University",462354
"5006","Film/Video and Photographic Arts.",3,,, 35917,,,"John Paul the Great Catholic University",462354
"5202","Business Administration, Management and Operations.",3,,,,,,"John Paul the Great Catholic University",462354
"5207","Entrepreneurial and Small Business Operations.",3,,,,,,"John Paul the Great Catholic University",462354
"2401","Liberal Arts and Sciences, General Studies and Humanities.",3,,, 57173,,,"Los Angeles Pacific University",474863
"3000","Multi-/Interdisciplinary Studies, General.",3,,,,,,"Los Angeles Pacific University",474863
"4228","Clinical, Counseling and Applied Psychology.",3,,, 71935,,,"Los Angeles Pacific University",474863
"4301","Criminal Justice and Corrections.",3,,,,,,"Los Angeles Pacific University",474863
"5100","Health Services/Allied Health/Health Sciences, General.",3,,, 43221,,,"Los Angeles Pacific University",474863
"5138","Registered Nursing, Nursing Administration, Nursing Research and Clinical Nursing.",3,,,,,,"Los Angeles Pacific University",474863
"5202","Business Administration, Management and Operations.",3,,, 82437,,,"Los Angeles Pacific University",474863
"5212","Management Information Systems and Services.",3,,,,,,"Los Angeles Pacific University",474863
"4301","Criminal Justice and Corrections.",3, 37078,, 40727,    33,    35,"Platt College-Riverside",480204
"5107","Health and Medical Administrative Services.",3, 42157,, 42114,    39,    43,"Platt College-Riverside",480204
"5109","Allied Health Diagnostic, Intervention, and Treatment Professions.",3, 42245,, 48655,    52,    53,"Platt College-Riverside",480204
"5202","Business Administration, Management and Operations.",3,,,,,,"Platt College-Riverside",480204
"5202","Business Administration, Management and Operations.",3,,,,,,"California Miramar University",480781
"3906","Theological and Ministerial Studies.",3,,,,,,"Grace Mission University",481058
"0901","Communication and Media Studies.",3, 45967,, 51752,    32,    43,"DeVry University-California",482431
"1101","Computer and Information Sciences, General.",3,,,,,,"DeVry University-California",482431
"1105","Computer Systems Analysis.",3, 61499, 77916, 71675,   884,  1140,"DeVry University-California",482431
"1108","Computer Software and Media Applications.",3, 37040, 46739, 47440,   338,   418,"DeVry University-California",482431
"1109","Computer Systems Networking and Telecommunications.",3, 63023, 73630, 73884,   655,   805,"DeVry University-California",482431
"1409","Computer Engineering.",3, 48739, 69967, 86645,    82,   102,"DeVry University-California",482431
"1503","Electrical/Electronic Engineering Technologies/Technicians.",3, 71270, 89480, 83322,   333,   431,"DeVry University-California",482431
"1504","Electromechanical Technologies/Technicians.",3, 70695,, 88911,   102,   116,"DeVry University-California",482431
"1512","Computer Engineering Technologies/Technicians.",3, 72347, 76987, 79501,   123,   150,"DeVry University-California",482431
"4301","Criminal Justice and Corrections.",3, 45991, 49515, 58145,   225,   251,"DeVry University-California",482431
"5107","Health and Medical Administrative Services.",3, 49173,, 52470,    79,    90,"DeVry University-California",482431
"5201","Business/Commerce, General.",3, 51441, 85790, 68126,   144,   181,"DeVry University-California",482431
"5202","Business Administration, Management and Operations.",3, 51868, 77034, 68231,  4522,  5572,"DeVry University-California",482431
"5203","Accounting and Related Services.",3, 53706,, 66596,    68,    72,"DeVry University-California",482431
"5138","Registered Nursing, Nursing Administration, Nursing Research and Clinical Nursing.",3,,,,,,"Integrity College of Health",483373
"0901","Communication and Media Studies.",3, 46292, 79614, 57523,   388,   478,"University of Phoenix-California",484631
"1101","Computer and Information Sciences, General.",3, 67238,109091, 75805,    57,    83,"University of Phoenix-California",484631
"1102","Computer Programming.",3, 65261, 91372, 76918,   567,   704,"University of Phoenix-California",484631
"1105","Computer Systems Analysis.",3, 64182, 90388, 91484,   128,   184,"University of Phoenix-California",484631
"1110","Computer/Information Technology Administration and Management.",3, 57089, 78963, 71385,   870,  1040,"University of Phoenix-California",484631
"3017","Behavioral Sciences.",3, 37121, 49347, 48657,  2764,  3148,"University of Phoenix-California",484631
"4228","Clinical, Counseling and Applied Psychology.",3,,,,,,"University of Phoenix-California",484631
"4301","Criminal Justice and Corrections.",3, 43170, 68246, 56662,  3167,  3498,"University of Phoenix-California",484631
"4400","Human Services, General.",3, 39585, 48841, 47742,  1674,  1877,"University of Phoenix-California",484631
"4402","Community Organization and Advocacy.",3,,, 40810,,,"University of Phoenix-California",484631
"5107","Health and Medical Administrative Services.",3, 39945, 62212, 54365,  3895,  4396,"University of Phoenix-California",484631
"5138","Registered Nursing, Nursing Administration, Nursing Research and Clinical Nursing.",3, 95274,107866,109844,  1168,  1847,"University of Phoenix-California",484631
"5202","Business Administration, Management and Operations.",3, 52131, 82503, 69425,  8451, 10468,"University of Phoenix-California",484631
"5203","Accounting and Related Services.",3, 49949, 66384, 63113,  1880,  2229,"University of Phoenix-California",484631
"5208","Finance and Financial Management Services.",3, 55420, 84210, 80134,   489,   615,"University of Phoenix-California",484631
"5210","Human Resources Management and Services.",3, 49177, 70507, 64720,  1299,  1499,"University of Phoenix-California",484631
"5214","Marketing.",3, 48486, 71937, 72745,   631,   788,"University of Phoenix-California",484631
"5202","Business Administration, Management and Operations.",3,,,,,,"University of West Los Angeles",484862
"2609","Physiology, Pathology and Related Sciences.",3,,,,,,"Lionel University",485519
"5009","Music.",3,,,,,,"California Jazz Conservatory",486488
"2299","Legal Professions and Studies, Other.",3,,,,,,"Abraham Lincoln University",488031
"4301","Criminal Justice and Corrections.",3,,,,,,"Abraham Lincoln University",488031
"5202","Business Administration, Management and Operations.",3,,,,,,"Abraham Lincoln University",488031
"5202","Business Administration, Management and Operations.",3,,,,,,"Claremont Lincoln University",488387
"5138","Registered Nursing, Nursing Administration, Nursing Research and Clinical Nursing.",3, 79756, 86959, 96132,  3631,  5494,"Chamberlain University-California",489353
"1399","Education, Other.",3,,,,,,"Presbyterian Theological Seminary in America",490045
"3902","Bible/Biblical Studies.",3,,,,,,"Presbyterian Theological Seminary in America",490045
"3907","Pastoral Counseling and Specialized Ministries.",3,,,,,,"Presbyterian Theological Seminary in America",490045
"4407","Social Work.",3,,,,,,"Presbyterian Theological Seminary in America",490045
"5202","Business Administration, Management and Operations.",3,,,,,,"Presbyterian Theological Seminary in America",490045
"3906","Theological and Ministerial Studies.",3,,,,,,"America Evangelical University",490081
"5202","Business Administration, Management and Operations.",3,,,,,,"America Evangelical University",490081
"5001","Visual and Performing Arts, General.",3,,,,,,"Los Angeles Academy of Figurative Art",490124
"5007","Fine and Studio Arts.",3,,,,,,"Los Angeles Academy of Figurative Art",490124
"0907","Radio, Television, and Digital Communication.",3,,,,,,"Westcliff University",490133
"1101","Computer and Information Sciences, General.",3,,,,,,"Westcliff University",490133
"1108","Computer Software and Media Applications.",3,,,,,,"Westcliff University",490133
"1110","Computer/Information Technology Administration and Management.",3,,,,,,"Westcliff University",490133
"1301","Education, General.",3,,,,,,"Westcliff University",490133
"3105","Sports, Kinesiology, and Physical Education/Fitness.",3,,,,,,"Westcliff University",490133
"5202","Business Administration, Management and Operations.",3,,,,,,"Westcliff University",490133
"5207","Entrepreneurial and Small Business Operations.",3,,,,,,"Westcliff University",490133
"5208","Finance and Financial Management Services.",3,,,,,,"Westcliff University",490133
"5210","Human Resources Management and Services.",3,,,,,,"Westcliff University",490133
"1102","Computer Programming.",3,,,,,,"California Institute of Arts & Technology",490285
"1512","Computer Engineering Technologies/Technicians.",3,,,,,,"California Institute of Arts & Technology",490285
"4301","Criminal Justice and Corrections.",3, 37078,, 40727,    33,    35,"Platt College-Anaheim",490878
"5107","Health and Medical Administrative Services.",3, 42157,, 42114,    39,    43,"Platt College-Anaheim",490878
"5109","Allied Health Diagnostic, Intervention, and Treatment Professions.",3, 42245,, 48655,    52,    53,"Platt College-Anaheim",490878
"5202","Business Administration, Management and Operations.",3,,,,,,"Platt College-Anaheim",490878
"4201","Psychology, General.",3,,, 53952,,,"The Chicago School at San Diego",491190
"5202","Business Administration, Management and Operations.",3,,,,,,"San Diego Global Knowledge University",493512
"5138","Registered Nursing, Nursing Administration, Nursing Research and Clinical Nursing.",3,,,,,,"North-West College-San Diego",494746
"5202","Business Administration, Management and Operations.",3,,,,,,"Oak Valley College",495059
"5107","Health and Medical Administrative Services.",3,,,,,,"Agape College of Business and Science",496399
"5115","Mental and Social Health Services and Allied Professions.",3,,,,,,"Agape College of Business and Science",496399
"5100","Health Services/Allied Health/Health Sciences, General.",3,,,,,,"California Northstate University",496627
"1312","Teacher Education and Professional Development, Specific Levels and Methods.",3,,,,,,"Reach University",497480
"2401","Liberal Arts and Sciences, General Studies and Humanities.",3,,,,,,"Reach University",497480
"5138","Registered Nursing, Nursing Administration, Nursing Research and Clinical Nursing.",3,,, 87378,,,"Arizona College of Nursing-Ontario",498456
